Workbook

Sheet Historical Data
B1: Cisco Systems | E1: NVIDIA | H1: Rolls-Royce | K1: Loydes Bank | N1: BP | Q1: Procter and Gamble
B2: =IFERROR(__xludf.DUMMYFUNCTION("GOOGLEFINANCE(""CSCO"",""Price"",DATE(2021,1,1),TODAY(),""daily"")"),"Date") -> Date | C2: =IFERROR(__xludf.DUMMYFUNCTION("""COMPUTED_VALUE"""),"Close") -> Close | E2: =IFERROR(__xludf.DUMMYFUNCTION("GOOGLEFINANCE(""NVA"",""Price"",DATE(2021,1,1),TODAY(),""daily"")"),"Date") -> Date | F2: =IFERROR(__xludf.DUMMYFUNCTION("""COMPUTED_VALUE"""),"Close") -> Close | H2: =IFERROR(__xludf.DUMMYFUNCTION("GOOGLEFINANCE(""RR"",""Price"",DATE(2021,1,1),TODAY(),""daily"")"),"Date") -> Date | I2: =IFERROR(__xludf.DUMMYFUNCTION("""COMPUTED_VALUE"""),"Close") -> Close | K2: =IFERROR(__xludf.DUMMYFUNCTION("GOOGLEFINANCE(""LLOY"",""Price"",DATE(2021,1,1),TODAY(),""daily"")"),"Date") -> Date | L2: =IFERROR(__xludf.DUMMYFUNCTION("""COMPUTED_VALUE"""),"Close") -> Close | N2: =IFERROR(__xludf.DUMMYFUNCTION("GOOGLEFINANCE(""BP"",""Price"",DATE(2021,1,1),TODAY(),""daily"")"),"Date") -> Date | O2: =IFERROR(__xludf.DUMMYFUNCTION("""COMPUTED_VALUE"""),"Close") -> Close | Q2: =IFERROR(__xludf.DUMMYFUNCTION("GOOGLEFINANCE(""PG"",""Price"",DATE(2021,1,1),TODAY(),""daily"")"),"Date") -> Date | R2: =IFERROR(__xludf.DUMMYFUNCTION("""COMPUTED_VALUE"""),"Close") -> Close
B3: =IFERROR(__xludf.DUMMYFUNCTION("""COMPUTED_VALUE"""),44200.66666666667) -> 44200.667 | C3: =IFERROR(__xludf.DUMMYFUNCTION("""COMPUTED_VALUE"""),43.96) -> 43.96 | E3: =IFERROR(__xludf.DUMMYFUNCTION("""COMPUTED_VALUE"""),45497.66666666667) -> 45497.667 | F3: =IFERROR(__xludf.DUMMYFUNCTION("""COMPUTED_VALUE"""),0.96) -> 0.96 | H3: =IFERROR(__xludf.DUMMYFUNCTION("""COMPUTED_VALUE"""),45247.66666666667) -> 45247.667 | I3: =IFERROR(__xludf.DUMMYFUNCTION("""COMPUTED_VALUE"""),5.25) -> 5.25 | K3: =IFERROR(__xludf.DUMMYFUNCTION("""COMPUTED_VALUE"""),44200.6875) -> 44200.688 | L3: =IFERROR(__xludf.DUMMYFUNCTION("""COMPUTED_VALUE"""),34.84) -> 34.84 | N3: =IFERROR(__xludf.DUMMYFUNCTION("""COMPUTED_VALUE"""),44200.66666666667) -> 44200.667 | O3: =IFERROR(__xludf.DUMMYFUNCTION("""COMPUTED_VALUE"""),20.83) -> 20.83 | Q3: =IFERROR(__xludf.DUMMYFUNCTION("""COMPUTED_VALUE"""),44200.66666666667) -> 44200.667 | R3: =IFERROR(__xludf.DUMMYFUNCTION("""COMPUTED_VALUE"""),137.82) -> 137.82
B4: =IFERROR(__xludf.DUMMYFUNCTION("""COMPUTED_VALUE"""),44201.66666666667) -> 44201.667 | C4: =IFERROR(__xludf.DUMMYFUNCTION("""COMPUTED_VALUE"""),43.98) -> 43.98 | E4: =IFERROR(__xludf.DUMMYFUNCTION("""COMPUTED_VALUE"""),45498.66666666667) -> 45498.667 | F4: =IFERROR(__xludf.DUMMYFUNCTION("""COMPUTED_VALUE"""),0.96) -> 0.96 | H4: =IFERROR(__xludf.DUMMYFUNCTION("""COMPUTED_VALUE"""),45250.66666666667) -> 45250.667 | I4: =IFERROR(__xludf.DUMMYFUNCTION("""COMPUTED_VALUE"""),5.66) -> 5.66 | K4: =IFERROR(__xludf.DUMMYFUNCTION("""COMPUTED_VALUE"""),44201.6875) -> 44201.688 | L4: =IFERROR(__xludf.DUMMYFUNCTION("""COMPUTED_VALUE"""),35.21) -> 35.21 | N4: =IFERROR(__xludf.DUMMYFUNCTION("""COMPUTED_VALUE"""),44201.66666666667) -> 44201.667 | O4: =IFERROR(__xludf.DUMMYFUNCTION("""COMPUTED_VALUE"""),22.38) -> 22.38 | Q4: =IFERROR(__xludf.DUMMYFUNCTION("""COMPUTED_VALUE"""),44201.66666666667) -> 44201.667 | R4: =IFERROR(__xludf.DUMMYFUNCTION("""COMPUTED_VALUE"""),138.7) -> 138.7
B5: =IFERROR(__xludf.DUMMYFUNCTION("""COMPUTED_VALUE"""),44202.66666666667) -> 44202.667 | C5: =IFERROR(__xludf.DUMMYFUNCTION("""COMPUTED_VALUE"""),44.4) -> 44.4 | E5: =IFERROR(__xludf.DUMMYFUNCTION("""COMPUTED_VALUE"""),45499.66666666667) -> 45499.667 | F5: =IFERROR(__xludf.DUMMYFUNCTION("""COMPUTED_VALUE"""),1.0) -> 1 | H5: =IFERROR(__xludf.DUMMYFUNCTION("""COMPUTED_VALUE"""),45251.66666666667) -> 45251.667 | I5: =IFERROR(__xludf.DUMMYFUNCTION("""COMPUTED_VALUE"""),5.55) -> 5.55 | K5: =IFERROR(__xludf.DUMMYFUNCTION("""COMPUTED_VALUE"""),44202.6875) -> 44202.688 | L5: =IFERROR(__xludf.DUMMYFUNCTION("""COMPUTED_VALUE"""),37.16) -> 37.16 | N5: =IFERROR(__xludf.DUMMYFUNCTION("""COMPUTED_VALUE"""),44202.66666666667) -> 44202.667 | O5: =IFERROR(__xludf.DUMMYFUNCTION("""COMPUTED_VALUE"""),23.41) -> 23.41 | Q5: =IFERROR(__xludf.DUMMYFUNCTION("""COMPUTED_VALUE"""),44202.66666666667) -> 44202.667 | R5: =IFERROR(__xludf.DUMMYFUNCTION("""COMPUTED_VALUE"""),140.16) -> 140.16
B6: =IFERROR(__xludf.DUMMYFUNCTION("""COMPUTED_VALUE"""),44203.66666666667) -> 44203.667 | C6: =IFERROR(__xludf.DUMMYFUNCTION("""COMPUTED_VALUE"""),44.96) -> 44.96 | E6: =IFERROR(__xludf.DUMMYFUNCTION("""COMPUTED_VALUE"""),45502.66666666667) -> 45502.667 | F6: =IFERROR(__xludf.DUMMYFUNCTION("""COMPUTED_VALUE"""),1.01) -> 1.01 | H6: =IFERROR(__xludf.DUMMYFUNCTION("""COMPUTED_VALUE"""),45252.66666666667) -> 45252.667 | I6: =IFERROR(__xludf.DUMMYFUNCTION("""COMPUTED_VALUE"""),5.21) -> 5.21 | K6: =IFERROR(__xludf.DUMMYFUNCTION("""COMPUTED_VALUE"""),44203.6875) -> 44203.688 | L6: =IFERROR(__xludf.DUMMYFUNCTION("""COMPUTED_VALUE"""),36.89) -> 36.89 | N6: =IFERROR(__xludf.DUMMYFUNCTION("""COMPUTED_VALUE"""),44203.66666666667) -> 44203.667 | O6: =IFERROR(__xludf.DUMMYFUNCTION("""COMPUTED_VALUE"""),23.91) -> 23.91 | Q6: =IFERROR(__xludf.DUMMYFUNCTION("""COMPUTED_VALUE"""),44203.66666666667) -> 44203.667 | R6: =IFERROR(__xludf.DUMMYFUNCTION("""COMPUTED_VALUE"""),138.85) -> 138.85
B7: =IFERROR(__xludf.DUMMYFUNCTION("""COMPUTED_VALUE"""),44204.66666666667) -> 44204.667 | C7: =IFERROR(__xludf.DUMMYFUNCTION("""COMPUTED_VALUE"""),45.06) -> 45.06 | E7: =IFERROR(__xludf.DUMMYFUNCTION("""COMPUTED_VALUE"""),45504.66666666667) -> 45504.667 | F7: =IFERROR(__xludf.DUMMYFUNCTION("""COMPUTED_VALUE"""),1.02) -> 1.02 | H7: =IFERROR(__xludf.DUMMYFUNCTION("""COMPUTED_VALUE"""),45254.54513888889) -> 45254.545 | I7: =IFERROR(__xludf.DUMMYFUNCTION("""COMPUTED_VALUE"""),4.62) -> 4.62 | K7: =IFERROR(__xludf.DUMMYFUNCTION("""COMPUTED_VALUE"""),44204.6875) -> 44204.688 | L7: =IFERROR(__xludf.DUMMYFUNCTION("""COMPUTED_VALUE"""),36.83) -> 36.83 | N7: =IFERROR(__xludf.DUMMYFUNCTION("""COMPUTED_VALUE"""),44204.66666666667) -> 44204.667 | O7: =IFERROR(__xludf.DUMMYFUNCTION("""COMPUTED_VALUE"""),24.4) -> 24.4 | Q7: =IFERROR(__xludf.DUMMYFUNCTION("""COMPUTED_VALUE"""),44204.66666666667) -> 44204.667 | R7: =IFERROR(__xludf.DUMMYFUNCTION("""COMPUTED_VALUE"""),138.79) -> 138.79
B8: =IFERROR(__xludf.DUMMYFUNCTION("""COMPUTED_VALUE"""),44207.66666666667) -> 44207.667 | C8: =IFERROR(__xludf.DUMMYFUNCTION("""COMPUTED_VALUE"""),45.36) -> 45.36 | E8: =IFERROR(__xludf.DUMMYFUNCTION("""COMPUTED_VALUE"""),45505.66666666667) -> 45505.667 | F8: =IFERROR(__xludf.DUMMYFUNCTION("""COMPUTED_VALUE"""),1.03) -> 1.03 | H8: =IFERROR(__xludf.DUMMYFUNCTION("""COMPUTED_VALUE"""),45257.66666666667) -> 45257.667 | I8: =IFERROR(__xludf.DUMMYFUNCTION("""COMPUTED_VALUE"""),4.56) -> 4.56 | K8: =IFERROR(__xludf.DUMMYFUNCTION("""COMPUTED_VALUE"""),44207.6875) -> 44207.688 | L8: =IFERROR(__xludf.DUMMYFUNCTION("""COMPUTED_VALUE"""),36.17) -> 36.17 | N8: =IFERROR(__xludf.DUMMYFUNCTION("""COMPUTED_VALUE"""),44207.66666666667) -> 44207.667 | O8: =IFERROR(__xludf.DUMMYFUNCTION("""COMPUTED_VALUE"""),24.38) -> 24.38 | Q8: =IFERROR(__xludf.DUMMYFUNCTION("""COMPUTED_VALUE"""),44207.66666666667) -> 44207.667 | R8: =IFERROR(__xludf.DUMMYFUNCTION("""COMPUTED_VALUE"""),137.85) -> 137.85
B9: =IFERROR(__xludf.DUMMYFUNCTION("""COMPUTED_VALUE"""),44208.66666666667) -> 44208.667 | C9: =IFERROR(__xludf.DUMMYFUNCTION("""COMPUTED_VALUE"""),45.79) -> 45.79 | E9: =IFERROR(__xludf.DUMMYFUNCTION("""COMPUTED_VALUE"""),45506.66666666667) -> 45506.667 | F9: =IFERROR(__xludf.DUMMYFUNCTION("""COMPUTED_VALUE"""),1.02) -> 1.02 | H9: =IFERROR(__xludf.DUMMYFUNCTION("""COMPUTED_VALUE"""),45258.66666666667) -> 45258.667 | I9: =IFERROR(__xludf.DUMMYFUNCTION("""COMPUTED_VALUE"""),4.66) -> 4.66 | K9: =IFERROR(__xludf.DUMMYFUNCTION("""COMPUTED_VALUE"""),44208.6875) -> 44208.688 | L9: =IFERROR(__xludf.DUMMYFUNCTION("""COMPUTED_VALUE"""),36.74) -> 36.74 | N9: =IFERROR(__xludf.DUMMYFUNCTION("""COMPUTED_VALUE"""),44208.66666666667) -> 44208.667 | O9: =IFERROR(__xludf.DUMMYFUNCTION("""COMPUTED_VALUE"""),25.01) -> 25.01 | Q9: =IFERROR(__xludf.DUMMYFUNCTION("""COMPUTED_VALUE"""),44208.66666666667) -> 44208.667 | R9: =IFERROR(__xludf.DUMMYFUNCTION("""COMPUTED_VALUE"""),137.05) -> 137.05
B10: =IFERROR(__xludf.DUMMYFUNCTION("""COMPUTED_VALUE"""),44209.66666666667) -> 44209.667 | C10: =IFERROR(__xludf.DUMMYFUNCTION("""COMPUTED_VALUE"""),45.36) -> 45.36 | E10: =IFERROR(__xludf.DUMMYFUNCTION("""COMPUTED_VALUE"""),45509.66666666667) -> 45509.667 | F10: =IFERROR(__xludf.DUMMYFUNCTION("""COMPUTED_VALUE"""),0.99) -> 0.99 | H10: =IFERROR(__xludf.DUMMYFUNCTION("""COMPUTED_VALUE"""),45259.66666666667) -> 45259.667 | I10: =IFERROR(__xludf.DUMMYFUNCTION("""COMPUTED_VALUE"""),4.19) -> 4.19 | K10: =IFERROR(__xludf.DUMMYFUNCTION("""COMPUTED_VALUE"""),44209.6875) -> 44209.688 | L10: =IFERROR(__xludf.DUMMYFUNCTION("""COMPUTED_VALUE"""),36.24) -> 36.24 | N10: =IFERROR(__xludf.DUMMYFUNCTION("""COMPUTED_VALUE"""),44209.66666666667) -> 44209.667 | O10: =IFERROR(__xludf.DUMMYFUNCTION("""COMPUTED_VALUE"""),24.78) -> 24.78 | Q10: =IFERROR(__xludf.DUMMYFUNCTION("""COMPUTED_VALUE"""),44209.66666666667) -> 44209.667 | R10: =IFERROR(__xludf.DUMMYFUNCTION("""COMPUTED_VALUE"""),137.26) -> 137.26
B11: =IFERROR(__xludf.DUMMYFUNCTION("""COMPUTED_VALUE"""),44210.66666666667) -> 44210.667 | C11: =IFERROR(__xludf.DUMMYFUNCTION("""COMPUTED_VALUE"""),45.15) -> 45.15 | E11: =IFERROR(__xludf.DUMMYFUNCTION("""COMPUTED_VALUE"""),45510.66666666667) -> 45510.667 | F11: =IFERROR(__xludf.DUMMYFUNCTION("""COMPUTED_VALUE"""),0.99) -> 0.99 | H11: =IFERROR(__xludf.DUMMYFUNCTION("""COMPUTED_VALUE"""),45260.66666666667) -> 45260.667 | I11: =IFERROR(__xludf.DUMMYFUNCTION("""COMPUTED_VALUE"""),4.27) -> 4.27 | K11: =IFERROR(__xludf.DUMMYFUNCTION("""COMPUTED_VALUE"""),44210.6875) -> 44210.688 | L11: =IFERROR(__xludf.DUMMYFUNCTION("""COMPUTED_VALUE"""),36.46) -> 36.46 | N11: =IFERROR(__xludf.DUMMYFUNCTION("""COMPUTED_VALUE"""),44210.66666666667) -> 44210.667 | O11: =IFERROR(__xludf.DUMMYFUNCTION("""COMPUTED_VALUE"""),25.47) -> 25.47 | Q11: =IFERROR(__xludf.DUMMYFUNCTION("""COMPUTED_VALUE"""),44210.66666666667) -> 44210.667 | R11: =IFERROR(__xludf.DUMMYFUNCTION("""COMPUTED_VALUE"""),135.8) -> 135.8
B12: =IFERROR(__xludf.DUMMYFUNCTION("""COMPUTED_VALUE"""),44211.66666666667) -> 44211.667 | C12: =IFERROR(__xludf.DUMMYFUNCTION("""COMPUTED_VALUE"""),45.43) -> 45.43 | E12: =IFERROR(__xludf.DUMMYFUNCTION("""COMPUTED_VALUE"""),45511.66666666667) -> 45511.667 | F12: =IFERROR(__xludf.DUMMYFUNCTION("""COMPUTED_VALUE"""),1.01) -> 1.01 | H12: =IFERROR(__xludf.DUMMYFUNCTION("""COMPUTED_VALUE"""),45261.66666666667) -> 45261.667 | I12: =IFERROR(__xludf.DUMMYFUNCTION("""COMPUTED_VALUE"""),4.48) -> 4.48 | K12: =IFERROR(__xludf.DUMMYFUNCTION("""COMPUTED_VALUE"""),44211.6875) -> 44211.688 | L12: =IFERROR(__xludf.DUMMYFUNCTION("""COMPUTED_VALUE"""),35.94) -> 35.94 | N12: =IFERROR(__xludf.DUMMYFUNCTION("""COMPUTED_VALUE"""),44211.66666666667) -> 44211.667 | O12: =IFERROR(__xludf.DUMMYFUNCTION("""COMPUTED_VALUE"""),24.26) -> 24.26 | Q12: =IFERROR(__xludf.DUMMYFUNCTION("""COMPUTED_VALUE"""),44211.66666666667) -> 44211.667 | R12: =IFERROR(__xludf.DUMMYFUNCTION("""COMPUTED_VALUE"""),134.78) -> 134.78
B13: =IFERROR(__xludf.DUMMYFUNCTION("""COMPUTED_VALUE"""),44215.66666666667) -> 44215.667 | C13: =IFERROR(__xludf.DUMMYFUNCTION("""COMPUTED_VALUE"""),45.19) -> 45.19 | E13: =IFERROR(__xludf.DUMMYFUNCTION("""COMPUTED_VALUE"""),45512.66666666667) -> 45512.667 | F13: =IFERROR(__xludf.DUMMYFUNCTION("""COMPUTED_VALUE"""),1.01) -> 1.01 | H13: =IFERROR(__xludf.DUMMYFUNCTION("""COMPUTED_VALUE"""),45264.66666666667) -> 45264.667 | I13: =IFERROR(__xludf.DUMMYFUNCTION("""COMPUTED_VALUE"""),5.03) -> 5.03 | K13: =IFERROR(__xludf.DUMMYFUNCTION("""COMPUTED_VALUE"""),44214.6875) -> 44214.688 | L13: =IFERROR(__xludf.DUMMYFUNCTION("""COMPUTED_VALUE"""),36.17) -> 36.17 | N13: =IFERROR(__xludf.DUMMYFUNCTION("""COMPUTED_VALUE"""),44215.66666666667) -> 44215.667 | O13: =IFERROR(__xludf.DUMMYFUNCTION("""COMPUTED_VALUE"""),24.65) -> 24.65 | Q13: =IFERROR(__xludf.DUMMYFUNCTION("""COMPUTED_VALUE"""),44215.66666666667) -> 44215.667 | R13: =IFERROR(__xludf.DUMMYFUNCTION("""COMPUTED_VALUE"""),133.6) -> 133.6
B14: =IFERROR(__xludf.DUMMYFUNCTION("""COMPUTED_VALUE"""),44216.66666666667) -> 44216.667 | C14: =IFERROR(__xludf.DUMMYFUNCTION("""COMPUTED_VALUE"""),45.34) -> 45.34 | E14: =IFERROR(__xludf.DUMMYFUNCTION("""COMPUTED_VALUE"""),45513.66666666667) -> 45513.667 | F14: =IFERROR(__xludf.DUMMYFUNCTION("""COMPUTED_VALUE"""),1.14) -> 1.14 | H14: =IFERROR(__xludf.DUMMYFUNCTION("""COMPUTED_VALUE"""),45265.66666666667) -> 45265.667 | I14: =IFERROR(__xludf.DUMMYFUNCTION("""COMPUTED_VALUE"""),4.97) -> 4.97 | K14: =IFERROR(__xludf.DUMMYFUNCTION("""COMPUTED_VALUE"""),44215.6875) -> 44215.688 | L14: =IFERROR(__xludf.DUMMYFUNCTION("""COMPUTED_VALUE"""),36.0) -> 36 | N14: =IFERROR(__xludf.DUMMYFUNCTION("""COMPUTED_VALUE"""),44216.66666666667) -> 44216.667 | O14: =IFERROR(__xludf.DUMMYFUNCTION("""COMPUTED_VALUE"""),24.81) -> 24.81 | Q14: =IFERROR(__xludf.DUMMYFUNCTION("""COMPUTED_VALUE"""),44216.66666666667) -> 44216.667 | R14: =IFERROR(__xludf.DUMMYFUNCTION("""COMPUTED_VALUE"""),131.93) -> 131.93
B15: =IFERROR(__xludf.DUMMYFUNCTION("""COMPUTED_VALUE"""),44217.66666666667) -> 44217.667 | C15: =IFERROR(__xludf.DUMMYFUNCTION("""COMPUTED_VALUE"""),45.11) -> 45.11 | E15: =IFERROR(__xludf.DUMMYFUNCTION("""COMPUTED_VALUE"""),45516.66666666667) -> 45516.667 | F15: =IFERROR(__xludf.DUMMYFUNCTION("""COMPUTED_VALUE"""),1.15) -> 1.15 | H15: =IFERROR(__xludf.DUMMYFUNCTION("""COMPUTED_VALUE"""),45266.66666666667) -> 45266.667 | I15: =IFERROR(__xludf.DUMMYFUNCTION("""COMPUTED_VALUE"""),5.09) -> 5.09 | K15: =IFERROR(__xludf.DUMMYFUNCTION("""COMPUTED_VALUE"""),44216.6875) -> 44216.688 | L15: =IFERROR(__xludf.DUMMYFUNCTION("""COMPUTED_VALUE"""),35.78) -> 35.78 | N15: =IFERROR(__xludf.DUMMYFUNCTION("""COMPUTED_VALUE"""),44217.66666666667) -> 44217.667 | O15: =IFERROR(__xludf.DUMMYFUNCTION("""COMPUTED_VALUE"""),24.02) -> 24.02 | Q15: =IFERROR(__xludf.DUMMYFUNCTION("""COMPUTED_VALUE"""),44217.66666666667) -> 44217.667 | R15: =IFERROR(__xludf.DUMMYFUNCTION("""COMPUTED_VALUE"""),131.01) -> 131.01
B16: =IFERROR(__xludf.DUMMYFUNCTION("""COMPUTED_VALUE"""),44218.66666666667) -> 44218.667 | C16: =IFERROR(__xludf.DUMMYFUNCTION("""COMPUTED_VALUE"""),44.77) -> 44.77 | E16: =IFERROR(__xludf.DUMMYFUNCTION("""COMPUTED_VALUE"""),45517.66666666667) -> 45517.667 | F16: =IFERROR(__xludf.DUMMYFUNCTION("""COMPUTED_VALUE"""),1.0) -> 1 | H16: =IFERROR(__xludf.DUMMYFUNCTION("""COMPUTED_VALUE"""),45267.66666666667) -> 45267.667 | I16: =IFERROR(__xludf.DUMMYFUNCTION("""COMPUTED_VALUE"""),5.11) -> 5.11 | K16: =IFERROR(__xludf.DUMMYFUNCTION("""COMPUTED_VALUE"""),44217.6875) -> 44217.688 | L16: =IFERROR(__xludf.DUMMYFUNCTION("""COMPUTED_VALUE"""),35.32) -> 35.32 | N16: =IFERROR(__xludf.DUMMYFUNCTION("""COMPUTED_VALUE"""),44218.66666666667) -> 44218.667 | O16: =IFERROR(__xludf.DUMMYFUNCTION("""COMPUTED_VALUE"""),23.87) -> 23.87 | Q16: =IFERROR(__xludf.DUMMYFUNCTION("""COMPUTED_VALUE"""),44218.66666666667) -> 44218.667 | R16: =IFERROR(__xludf.DUMMYFUNCTION("""COMPUTED_VALUE"""),130.0) -> 130
B17: =IFERROR(__xludf.DUMMYFUNCTION("""COMPUTED_VALUE"""),44221.66666666667) -> 44221.667 | C17: =IFERROR(__xludf.DUMMYFUNCTION("""COMPUTED_VALUE"""),45.03) -> 45.03 | E17: =IFERROR(__xludf.DUMMYFUNCTION("""COMPUTED_VALUE"""),45518.66666666667) -> 45518.667 | F17: =IFERROR(__xludf.DUMMYFUNCTION("""COMPUTED_VALUE"""),0.97) -> 0.97 | H17: =IFERROR(__xludf.DUMMYFUNCTION("""COMPUTED_VALUE"""),45268.66666666667) -> 45268.667 | I17: =IFERROR(__xludf.DUMMYFUNCTION("""COMPUTED_VALUE"""),5.01) -> 5.01 | K17: =IFERROR(__xludf.DUMMYFUNCTION("""COMPUTED_VALUE"""),44218.6875) -> 44218.688 | L17: =IFERROR(__xludf.DUMMYFUNCTION("""COMPUTED_VALUE"""),34.77) -> 34.77 | N17: =IFERROR(__xludf.DUMMYFUNCTION("""COMPUTED_VALUE"""),44221.66666666667) -> 44221.667 | O17: =IFERROR(__xludf.DUMMYFUNCTION("""COMPUTED_VALUE"""),23.07) -> 23.07 | Q17: =IFERROR(__xludf.DUMMYFUNCTION("""COMPUTED_VALUE"""),44221.66666666667) -> 44221.667 | R17: =IFERROR(__xludf.DUMMYFUNCTION("""COMPUTED_VALUE"""),132.24) -> 132.24
B18: =IFERROR(__xludf.DUMMYFUNCTION("""COMPUTED_VALUE"""),44222.66666666667) -> 44222.667 | C18: =IFERROR(__xludf.DUMMYFUNCTION("""COMPUTED_VALUE"""),45.26) -> 45.26 | E18: =IFERROR(__xludf.DUMMYFUNCTION("""COMPUTED_VALUE"""),45519.66666666667) -> 45519.667 | F18: =IFERROR(__xludf.DUMMYFUNCTION("""COMPUTED_VALUE"""),0.94) -> 0.94 | H18: =IFERROR(__xludf.DUMMYFUNCTION("""COMPUTED_VALUE"""),45271.66666666667) -> 45271.667 | I18: =IFERROR(__xludf.DUMMYFUNCTION("""COMPUTED_VALUE"""),4.98) -> 4.98 | K18: =IFERROR(__xludf.DUMMYFUNCTION("""COMPUTED_VALUE"""),44221.6875) -> 44221.688 | L18: =IFERROR(__xludf.DUMMYFUNCTION("""COMPUTED_VALUE"""),33.84) -> 33.84 | N18: =IFERROR(__xludf.DUMMYFUNCTION("""COMPUTED_VALUE"""),44222.66666666667) -> 44222.667 | O18: =IFERROR(__xludf.DUMMYFUNCTION("""COMPUTED_VALUE"""),23.03) -> 23.03 | Q18: =IFERROR(__xludf.DUMMYFUNCTION("""COMPUTED_VALUE"""),44222.66666666667) -> 44222.667 | R18: =IFERROR(__xludf.DUMMYFUNCTION("""COMPUTED_VALUE"""),133.09) -> 133.09
B19: =IFERROR(__xludf.DUMMYFUNCTION("""COMPUTED_VALUE"""),44223.66666666667) -> 44223.667 | C19: =IFERROR(__xludf.DUMMYFUNCTION("""COMPUTED_VALUE"""),45.7) -> 45.7 | E19: =IFERROR(__xludf.DUMMYFUNCTION("""COMPUTED_VALUE"""),45520.66666666667) -> 45520.667 | F19: =IFERROR(__xludf.DUMMYFUNCTION("""COMPUTED_VALUE"""),1.07) -> 1.07 | H19: =IFERROR(__xludf.DUMMYFUNCTION("""COMPUTED_VALUE"""),45272.66666666667) -> 45272.667 | I19: =IFERROR(__xludf.DUMMYFUNCTION("""COMPUTED_VALUE"""),4.78) -> 4.78 | K19: =IFERROR(__xludf.DUMMYFUNCTION("""COMPUTED_VALUE"""),44222.6875) -> 44222.688 | L19: =IFERROR(__xludf.DUMMYFUNCTION("""COMPUTED_VALUE"""),34.41) -> 34.41 | N19: =IFERROR(__xludf.DUMMYFUNCTION("""COMPUTED_VALUE"""),44223.66666666667) -> 44223.667 | O19: =IFERROR(__xludf.DUMMYFUNCTION("""COMPUTED_VALUE"""),22.73) -> 22.73 | Q19: =IFERROR(__xludf.DUMMYFUNCTION("""COMPUTED_VALUE"""),44223.66666666667) -> 44223.667 | R19: =IFERROR(__xludf.DUMMYFUNCTION("""COMPUTED_VALUE"""),128.38) -> 128.38
B20: =IFERROR(__xludf.DUMMYFUNCTION("""COMPUTED_VALUE"""),44224.66666666667) -> 44224.667 | C20: =IFERROR(__xludf.DUMMYFUNCTION("""COMPUTED_VALUE"""),45.34) -> 45.34 | E20: =IFERROR(__xludf.DUMMYFUNCTION("""COMPUTED_VALUE"""),45523.66666666667) -> 45523.667 | F20: =IFERROR(__xludf.DUMMYFUNCTION("""COMPUTED_VALUE"""),1.17) -> 1.17 | H20: =IFERROR(__xludf.DUMMYFUNCTION("""COMPUTED_VALUE"""),45273.66666666667) -> 45273.667 | I20: =IFERROR(__xludf.DUMMYFUNCTION("""COMPUTED_VALUE"""),4.8) -> 4.8 | K20: =IFERROR(__xludf.DUMMYFUNCTION("""COMPUTED_VALUE"""),44223.6875) -> 44223.688 | L20: =IFERROR(__xludf.DUMMYFUNCTION("""COMPUTED_VALUE"""),33.25) -> 33.25 | N20: =IFERROR(__xludf.DUMMYFUNCTION("""COMPUTED_VALUE"""),44224.66666666667) -> 44224.667 | O20: =IFERROR(__xludf.DUMMYFUNCTION("""COMPUTED_VALUE"""),22.86) -> 22.86 | Q20: =IFERROR(__xludf.DUMMYFUNCTION("""COMPUTED_VALUE"""),44224.66666666667) -> 44224.667 | R20: =IFERROR(__xludf.DUMMYFUNCTION("""COMPUTED_VALUE"""),130.36) -> 130.36
B21: =IFERROR(__xludf.DUMMYFUNCTION("""COMPUTED_VALUE"""),44225.66666666667) -> 44225.667 | C21: =IFERROR(__xludf.DUMMYFUNCTION("""COMPUTED_VALUE"""),44.58) -> 44.58 | E21: =IFERROR(__xludf.DUMMYFUNCTION("""COMPUTED_VALUE"""),45524.66666666667) -> 45524.667 | F21: =IFERROR(__xludf.DUMMYFUNCTION("""COMPUTED_VALUE"""),1.17) -> 1.17 | H21: =IFERROR(__xludf.DUMMYFUNCTION("""COMPUTED_VALUE"""),45274.66666666667) -> 45274.667 | I21: =IFERROR(__xludf.DUMMYFUNCTION("""COMPUTED_VALUE"""),4.73) -> 4.73 | K21: =IFERROR(__xludf.DUMMYFUNCTION("""COMPUTED_VALUE"""),44224.6875) -> 44224.688 | L21: =IFERROR(__xludf.DUMMYFUNCTION("""COMPUTED_VALUE"""),33.47) -> 33.47 | N21: =IFERROR(__xludf.DUMMYFUNCTION("""COMPUTED_VALUE"""),44225.66666666667) -> 44225.667 | O21: =IFERROR(__xludf.DUMMYFUNCTION("""COMPUTED_VALUE"""),22.22) -> 22.22 | Q21: =IFERROR(__xludf.DUMMYFUNCTION("""COMPUTED_VALUE"""),44225.66666666667) -> 44225.667 | R21: =IFERROR(__xludf.DUMMYFUNCTION("""COMPUTED_VALUE"""),128.21) -> 128.21
B22: =IFERROR(__xludf.DUMMYFUNCTION("""COMPUTED_VALUE"""),44228.66666666667) -> 44228.667 | C22: =IFERROR(__xludf.DUMMYFUNCTION("""COMPUTED_VALUE"""),45.4) -> 45.4 | E22: =IFERROR(__xludf.DUMMYFUNCTION("""COMPUTED_VALUE"""),45525.66666666667) -> 45525.667 | F22: =IFERROR(__xludf.DUMMYFUNCTION("""COMPUTED_VALUE"""),1.18) -> 1.18 | H22: =IFERROR(__xludf.DUMMYFUNCTION("""COMPUTED_VALUE"""),45275.66666666667) -> 45275.667 | I22: =IFERROR(__xludf.DUMMYFUNCTION("""COMPUTED_VALUE"""),4.71) -> 4.71 | K22: =IFERROR(__xludf.DUMMYFUNCTION("""COMPUTED_VALUE"""),44225.6875) -> 44225.688 | L22: =IFERROR(__xludf.DUMMYFUNCTION("""COMPUTED_VALUE"""),33.0) -> 33 | N22: =IFERROR(__xludf.DUMMYFUNCTION("""COMPUTED_VALUE"""),44228.66666666667) -> 44228.667 | O22: =IFERROR(__xludf.DUMMYFUNCTION("""COMPUTED_VALUE"""),22.21) -> 22.21 | Q22: =IFERROR(__xludf.DUMMYFUNCTION("""COMPUTED_VALUE"""),44228.66666666667) -> 44228.667 | R22: =IFERROR(__xludf.DUMMYFUNCTION("""COMPUTED_VALUE"""),128.97) -> 128.97
B23: =IFERROR(__xludf.DUMMYFUNCTION("""COMPUTED_VALUE"""),44229.66666666667) -> 44229.667 | C23: =IFERROR(__xludf.DUMMYFUNCTION("""COMPUTED_VALUE"""),45.83) -> 45.83 | E23: =IFERROR(__xludf.DUMMYFUNCTION("""COMPUTED_VALUE"""),45526.66666666667) -> 45526.667 | F23: =IFERROR(__xludf.DUMMYFUNCTION("""COMPUTED_VALUE"""),1.18) -> 1.18 | H23: =IFERROR(__xludf.DUMMYFUNCTION("""COMPUTED_VALUE"""),45278.66666666667) -> 45278.667 | I23: =IFERROR(__xludf.DUMMYFUNCTION("""COMPUTED_VALUE"""),4.8) -> 4.8 | K23: =IFERROR(__xludf.DUMMYFUNCTION("""COMPUTED_VALUE"""),44228.6875) -> 44228.688 | L23: =IFERROR(__xludf.DUMMYFUNCTION("""COMPUTED_VALUE"""),33.53) -> 33.53 | N23: =IFERROR(__xludf.DUMMYFUNCTION("""COMPUTED_VALUE"""),44229.66666666667) -> 44229.667 | O23: =IFERROR(__xludf.DUMMYFUNCTION("""COMPUTED_VALUE"""),20.75) -> 20.75 | Q23: =IFERROR(__xludf.DUMMYFUNCTION("""COMPUTED_VALUE"""),44229.66666666667) -> 44229.667 | R23: =IFERROR(__xludf.DUMMYFUNCTION("""COMPUTED_VALUE"""),128.79) -> 128.79
B24: =IFERROR(__xludf.DUMMYFUNCTION("""COMPUTED_VALUE"""),44230.66666666667) -> 44230.667 | C24: =IFERROR(__xludf.DUMMYFUNCTION("""COMPUTED_VALUE"""),45.77) -> 45.77 | E24: =IFERROR(__xludf.DUMMYFUNCTION("""COMPUTED_VALUE"""),45527.66666666667) -> 45527.667 | F24: =IFERROR(__xludf.DUMMYFUNCTION("""COMPUTED_VALUE"""),1.24) -> 1.24 | H24: =IFERROR(__xludf.DUMMYFUNCTION("""COMPUTED_VALUE"""),45279.66666666667) -> 45279.667 | I24: =IFERROR(__xludf.DUMMYFUNCTION("""COMPUTED_VALUE"""),5.07) -> 5.07 | K24: =IFERROR(__xludf.DUMMYFUNCTION("""COMPUTED_VALUE"""),44229.6875) -> 44229.688 | L24: =IFERROR(__xludf.DUMMYFUNCTION("""COMPUTED_VALUE"""),33.99) -> 33.99 | N24: =IFERROR(__xludf.DUMMYFUNCTION("""COMPUTED_VALUE"""),44230.66666666667) -> 44230.667 | O24: =IFERROR(__xludf.DUMMYFUNCTION("""COMPUTED_VALUE"""),21.27) -> 21.27 | Q24: =IFERROR(__xludf.DUMMYFUNCTION("""COMPUTED_VALUE"""),44230.66666666667) -> 44230.667 | R24: =IFERROR(__xludf.DUMMYFUNCTION("""COMPUTED_VALUE"""),128.95) -> 128.95
B25: =IFERROR(__xludf.DUMMYFUNCTION("""COMPUTED_VALUE"""),44231.66666666667) -> 44231.667 | C25: =IFERROR(__xludf.DUMMYFUNCTION("""COMPUTED_VALUE"""),47.25) -> 47.25 | E25: =IFERROR(__xludf.DUMMYFUNCTION("""COMPUTED_VALUE"""),45530.66666666667) -> 45530.667 | F25: =IFERROR(__xludf.DUMMYFUNCTION("""COMPUTED_VALUE"""),1.21) -> 1.21 | H25: =IFERROR(__xludf.DUMMYFUNCTION("""COMPUTED_VALUE"""),45280.66666666667) -> 45280.667 | I25: =IFERROR(__xludf.DUMMYFUNCTION("""COMPUTED_VALUE"""),4.99) -> 4.99 | K25: =IFERROR(__xludf.DUMMYFUNCTION("""COMPUTED_VALUE"""),44230.6875) -> 44230.688 | L25: =IFERROR(__xludf.DUMMYFUNCTION("""COMPUTED_VALUE"""),34.18) -> 34.18 | N25: =IFERROR(__xludf.DUMMYFUNCTION("""COMPUTED_VALUE"""),44231.66666666667) -> 44231.667 | O25: =IFERROR(__xludf.DUMMYFUNCTION("""COMPUTED_VALUE"""),20.99) -> 20.99 | Q25: =IFERROR(__xludf.DUMMYFUNCTION("""COMPUTED_VALUE"""),44231.66666666667) -> 44231.667 | R25: =IFERROR(__xludf.DUMMYFUNCTION("""COMPUTED_VALUE"""),129.03) -> 129.03
B26: =IFERROR(__xludf.DUMMYFUNCTION("""COMPUTED_VALUE"""),44232.66666666667) -> 44232.667 | C26: =IFERROR(__xludf.DUMMYFUNCTION("""COMPUTED_VALUE"""),48.08) -> 48.08 | E26: =IFERROR(__xludf.DUMMYFUNCTION("""COMPUTED_VALUE"""),45531.66666666667) -> 45531.667 | F26: =IFERROR(__xludf.DUMMYFUNCTION("""COMPUTED_VALUE"""),1.23) -> 1.23 | H26: =IFERROR(__xludf.DUMMYFUNCTION("""COMPUTED_VALUE"""),45281.66666666667) -> 45281.667 | I26: =IFERROR(__xludf.DUMMYFUNCTION("""COMPUTED_VALUE"""),5.5) -> 5.5 | K26: =IFERROR(__xludf.DUMMYFUNCTION("""COMPUTED_VALUE"""),44231.6875) -> 44231.688 | L26: =IFERROR(__xludf.DUMMYFUNCTION("""COMPUTED_VALUE"""),36.11) -> 36.11 | N26: =IFERROR(__xludf.DUMMYFUNCTION("""COMPUTED_VALUE"""),44232.66666666667) -> 44232.667 | O26: =IFERROR(__xludf.DUMMYFUNCTION("""COMPUTED_VALUE"""),20.81) -> 20.81 | Q26: =IFERROR(__xludf.DUMMYFUNCTION("""COMPUTED_VALUE"""),44232.66666666667) -> 44232.667 | R26: =IFERROR(__xludf.DUMMYFUNCTION("""COMPUTED_VALUE"""),129.57) -> 129.57
B27: =IFERROR(__xludf.DUMMYFUNCTION("""COMPUTED_VALUE"""),44235.66666666667) -> 44235.667 | C27: =IFERROR(__xludf.DUMMYFUNCTION("""COMPUTED_VALUE"""),48.94) -> 48.94 | E27: =IFERROR(__xludf.DUMMYFUNCTION("""COMPUTED_VALUE"""),45532.66666666667) -> 45532.667 | F27: =IFERROR(__xludf.DUMMYFUNCTION("""COMPUTED_VALUE"""),1.2) -> 1.2 | H27: =IFERROR(__xludf.DUMMYFUNCTION("""COMPUTED_VALUE"""),45282.66666666667) -> 45282.667 | I27: =IFERROR(__xludf.DUMMYFUNCTION("""COMPUTED_VALUE"""),5.61) -> 5.61 | K27: =IFERROR(__xludf.DUMMYFUNCTION("""COMPUTED_VALUE"""),44232.6875) -> 44232.688 | L27: =IFERROR(__xludf.DUMMYFUNCTION("""COMPUTED_VALUE"""),37.0) -> 37 | N27: =IFERROR(__xludf.DUMMYFUNCTION("""COMPUTED_VALUE"""),44235.66666666667) -> 44235.667 | O27: =IFERROR(__xludf.DUMMYFUNCTION("""COMPUTED_VALUE"""),22.03) -> 22.03 | Q27: =IFERROR(__xludf.DUMMYFUNCTION("""COMPUTED_VALUE"""),44235.66666666667) -> 44235.667 | R27: =IFERROR(__xludf.DUMMYFUNCTION("""COMPUTED_VALUE"""),129.17) -> 129.17
B28: =IFERROR(__xludf.DUMMYFUNCTION("""COMPUTED_VALUE"""),44236.66666666667) -> 44236.667 | C28: =IFERROR(__xludf.DUMMYFUNCTION("""COMPUTED_VALUE"""),48.5) -> 48.5 | E28: =IFERROR(__xludf.DUMMYFUNCTION("""COMPUTED_VALUE"""),45533.66666666667) -> 45533.667 | F28: =IFERROR(__xludf.DUMMYFUNCTION("""COMPUTED_VALUE"""),1.26) -> 1.26 | H28: =IFERROR(__xludf.DUMMYFUNCTION("""COMPUTED_VALUE"""),45286.66666666667) -> 45286.667 | I28: =IFERROR(__xludf.DUMMYFUNCTION("""COMPUTED_VALUE"""),5.4) -> 5.4 | K28: =IFERROR(__xludf.DUMMYFUNCTION("""COMPUTED_VALUE"""),44235.6875) -> 44235.688 | L28: =IFERROR(__xludf.DUMMYFUNCTION("""COMPUTED_VALUE"""),37.7) -> 37.7 | N28: =IFERROR(__xludf.DUMMYFUNCTION("""COMPUTED_VALUE"""),44236.66666666667) -> 44236.667 | O28: =IFERROR(__xludf.DUMMYFUNCTION("""COMPUTED_VALUE"""),21.73) -> 21.73 | Q28: =IFERROR(__xludf.DUMMYFUNCTION("""COMPUTED_VALUE"""),44236.66666666667) -> 44236.667 | R28: =IFERROR(__xludf.DUMMYFUNCTION("""COMPUTED_VALUE"""),128.67) -> 128.67
B29: =IFERROR(__xludf.DUMMYFUNCTION("""COMPUTED_VALUE"""),44237.66666666667) -> 44237.667 | C29: =IFERROR(__xludf.DUMMYFUNCTION("""COMPUTED_VALUE"""),47.24) -> 47.24 | E29: =IFERROR(__xludf.DUMMYFUNCTION("""COMPUTED_VALUE"""),45534.66666666667) -> 45534.667 | F29: =IFERROR(__xludf.DUMMYFUNCTION("""COMPUTED_VALUE"""),1.22) -> 1.22 | H29: =IFERROR(__xludf.DUMMYFUNCTION("""COMPUTED_VALUE"""),45287.66666666667) -> 45287.667 | I29: =IFERROR(__xludf.DUMMYFUNCTION("""COMPUTED_VALUE"""),5.82) -> 5.82 | K29: =IFERROR(__xludf.DUMMYFUNCTION("""COMPUTED_VALUE"""),44236.6875) -> 44236.688 | L29: =IFERROR(__xludf.DUMMYFUNCTION("""COMPUTED_VALUE"""),37.55) -> 37.55 | N29: =IFERROR(__xludf.DUMMYFUNCTION("""COMPUTED_VALUE"""),44237.66666666667) -> 44237.667 | O29: =IFERROR(__xludf.DUMMYFUNCTION("""COMPUTED_VALUE"""),21.58) -> 21.58 | Q29: =IFERROR(__xludf.DUMMYFUNCTION("""COMPUTED_VALUE"""),44237.66666666667) -> 44237.667 | R29: =IFERROR(__xludf.DUMMYFUNCTION("""COMPUTED_VALUE"""),128.22) -> 128.22
B30: =IFERROR(__xludf.DUMMYFUNCTION("""COMPUTED_VALUE"""),44238.66666666667) -> 44238.667 | C30: =IFERROR(__xludf.DUMMYFUNCTION("""COMPUTED_VALUE"""),47.58) -> 47.58 | E30: =IFERROR(__xludf.DUMMYFUNCTION("""COMPUTED_VALUE"""),45538.66666666667) -> 45538.667 | F30: =IFERROR(__xludf.DUMMYFUNCTION("""COMPUTED_VALUE"""),1.11) -> 1.11 | H30: =IFERROR(__xludf.DUMMYFUNCTION("""COMPUTED_VALUE"""),45288.66666666667) -> 45288.667 | I30: =IFERROR(__xludf.DUMMYFUNCTION("""COMPUTED_VALUE"""),5.93) -> 5.93 | K30: =IFERROR(__xludf.DUMMYFUNCTION("""COMPUTED_VALUE"""),44237.6875) -> 44237.688 | L30: =IFERROR(__xludf.DUMMYFUNCTION("""COMPUTED_VALUE"""),37.5) -> 37.5 | N30: =IFERROR(__xludf.DUMMYFUNCTION("""COMPUTED_VALUE"""),44238.66666666667) -> 44238.667 | O30: =IFERROR(__xludf.DUMMYFUNCTION("""COMPUTED_VALUE"""),21.37) -> 21.37 | Q30: =IFERROR(__xludf.DUMMYFUNCTION("""COMPUTED_VALUE"""),44238.66666666667) -> 44238.667 | R30: =IFERROR(__xludf.DUMMYFUNCTION("""COMPUTED_VALUE"""),128.33) -> 128.33
B31: =IFERROR(__xludf.DUMMYFUNCTION("""COMPUTED_VALUE"""),44239.66666666667) -> 44239.667 | C31: =IFERROR(__xludf.DUMMYFUNCTION("""COMPUTED_VALUE"""),47.29) -> 47.29 | E31: =IFERROR(__xludf.DUMMYFUNCTION("""COMPUTED_VALUE"""),45539.66666666667) -> 45539.667 | F31: =IFERROR(__xludf.DUMMYFUNCTION("""COMPUTED_VALUE"""),1.16) -> 1.16 | H31: =IFERROR(__xludf.DUMMYFUNCTION("""COMPUTED_VALUE"""),45289.66666666667) -> 45289.667 | I31: =IFERROR(__xludf.DUMMYFUNCTION("""COMPUTED_VALUE"""),5.95) -> 5.95 | K31: =IFERROR(__xludf.DUMMYFUNCTION("""COMPUTED_VALUE"""),44238.6875) -> 44238.688 | L31: =IFERROR(__xludf.DUMMYFUNCTION("""COMPUTED_VALUE"""),37.07) -> 37.07 | N31: =IFERROR(__xludf.DUMMYFUNCTION("""COMPUTED_VALUE"""),44239.66666666667) -> 44239.667 | O31: =IFERROR(__xludf.DUMMYFUNCTION("""COMPUTED_VALUE"""),21.91) -> 21.91 | Q31: =IFERROR(__xludf.DUMMYFUNCTION("""COMPUTED_VALUE"""),44239.66666666667) -> 44239.667 | R31: =IFERROR(__xludf.DUMMYFUNCTION("""COMPUTED_VALUE"""),127.62) -> 127.62
B32: =IFERROR(__xludf.DUMMYFUNCTION("""COMPUTED_VALUE"""),44243.66666666667) -> 44243.667 | C32: =IFERROR(__xludf.DUMMYFUNCTION("""COMPUTED_VALUE"""),46.51) -> 46.51 | E32: =IFERROR(__xludf.DUMMYFUNCTION("""COMPUTED_VALUE"""),45540.66666666667) -> 45540.667 | F32: =IFERROR(__xludf.DUMMYFUNCTION("""COMPUTED_VALUE"""),1.2) -> 1.2 | H32: =IFERROR(__xludf.DUMMYFUNCTION("""COMPUTED_VALUE"""),45293.66666666667) -> 45293.667 | I32: =IFERROR(__xludf.DUMMYFUNCTION("""COMPUTED_VALUE"""),6.05) -> 6.05 | K32: =IFERROR(__xludf.DUMMYFUNCTION("""COMPUTED_VALUE"""),44239.6875) -> 44239.688 | L32: =IFERROR(__xludf.DUMMYFUNCTION("""COMPUTED_VALUE"""),37.1) -> 37.1 | N32: =IFERROR(__xludf.DUMMYFUNCTION("""COMPUTED_VALUE"""),44243.66666666667) -> 44243.667 | O32: =IFERROR(__xludf.DUMMYFUNCTION("""COMPUTED_VALUE"""),23.18) -> 23.18 | Q32: =IFERROR(__xludf.DUMMYFUNCTION("""COMPUTED_VALUE"""),44243.66666666667) -> 44243.667 | R32: =IFERROR(__xludf.DUMMYFUNCTION("""COMPUTED_VALUE"""),127.92) -> 127.92
B33: =IFERROR(__xludf.DUMMYFUNCTION("""COMPUTED_VALUE"""),44244.66666666667) -> 44244.667 | C33: =IFERROR(__xludf.DUMMYFUNCTION("""COMPUTED_VALUE"""),46.25) -> 46.25 | E33: =IFERROR(__xludf.DUMMYFUNCTION("""COMPUTED_VALUE"""),45541.66666666667) -> 45541.667 | F33: =IFERROR(__xludf.DUMMYFUNCTION("""COMPUTED_VALUE"""),1.2) -> 1.2 | H33: =IFERROR(__xludf.DUMMYFUNCTION("""COMPUTED_VALUE"""),45294.66666666667) -> 45294.667 | I33: =IFERROR(__xludf.DUMMYFUNCTION("""COMPUTED_VALUE"""),6.01) -> 6.01 | K33: =IFERROR(__xludf.DUMMYFUNCTION("""COMPUTED_VALUE"""),44242.6875) -> 44242.688 | L33: =IFERROR(__xludf.DUMMYFUNCTION("""COMPUTED_VALUE"""),39.09) -> 39.09 | N33: =IFERROR(__xludf.DUMMYFUNCTION("""COMPUTED_VALUE"""),44244.66666666667) -> 44244.667 | O33: =IFERROR(__xludf.DUMMYFUNCTION("""COMPUTED_VALUE"""),23.58) -> 23.58 | Q33: =IFERROR(__xludf.DUMMYFUNCTION("""COMPUTED_VALUE"""),44244.66666666667) -> 44244.667 | R33: =IFERROR(__xludf.DUMMYFUNCTION("""COMPUTED_VALUE"""),128.46) -> 128.46
B34: =IFERROR(__xludf.DUMMYFUNCTION("""COMPUTED_VALUE"""),44245.66666666667) -> 44245.667 | C34: =IFERROR(__xludf.DUMMYFUNCTION("""COMPUTED_VALUE"""),46.34) -> 46.34 | E34: =IFERROR(__xludf.DUMMYFUNCTION("""COMPUTED_VALUE"""),45544.66666666667) -> 45544.667 | F34: =IFERROR(__xludf.DUMMYFUNCTION("""COMPUTED_VALUE"""),1.22) -> 1.22 | H34: =IFERROR(__xludf.DUMMYFUNCTION("""COMPUTED_VALUE"""),45295.66666666667) -> 45295.667 | I34: =IFERROR(__xludf.DUMMYFUNCTION("""COMPUTED_VALUE"""),5.93) -> 5.93 | K34: =IFERROR(__xludf.DUMMYFUNCTION("""COMPUTED_VALUE"""),44243.6875) -> 44243.688 | L34: =IFERROR(__xludf.DUMMYFUNCTION("""COMPUTED_VALUE"""),39.48) -> 39.48 | N34: =IFERROR(__xludf.DUMMYFUNCTION("""COMPUTED_VALUE"""),44245.66666666667) -> 44245.667 | O34: =IFERROR(__xludf.DUMMYFUNCTION("""COMPUTED_VALUE"""),22.46) -> 22.46 | Q34: =IFERROR(__xludf.DUMMYFUNCTION("""COMPUTED_VALUE"""),44245.66666666667) -> 44245.667 | R34: =IFERROR(__xludf.DUMMYFUNCTION("""COMPUTED_VALUE"""),129.53) -> 129.53
B35: =IFERROR(__xludf.DUMMYFUNCTION("""COMPUTED_VALUE"""),44246.66666666667) -> 44246.667 | C35: =IFERROR(__xludf.DUMMYFUNCTION("""COMPUTED_VALUE"""),45.68) -> 45.68 | E35: =IFERROR(__xludf.DUMMYFUNCTION("""COMPUTED_VALUE"""),45545.66666666667) -> 45545.667 | F35: =IFERROR(__xludf.DUMMYFUNCTION("""COMPUTED_VALUE"""),1.2) -> 1.2 | H35: =IFERROR(__xludf.DUMMYFUNCTION("""COMPUTED_VALUE"""),45296.66666666667) -> 45296.667 | I35: =IFERROR(__xludf.DUMMYFUNCTION("""COMPUTED_VALUE"""),6.48) -> 6.48 | K35: =IFERROR(__xludf.DUMMYFUNCTION("""COMPUTED_VALUE"""),44244.6875) -> 44244.688 | L35: =IFERROR(__xludf.DUMMYFUNCTION("""COMPUTED_VALUE"""),38.92) -> 38.92 | N35: =IFERROR(__xludf.DUMMYFUNCTION("""COMPUTED_VALUE"""),44246.66666666667) -> 44246.667 | O35: =IFERROR(__xludf.DUMMYFUNCTION("""COMPUTED_VALUE"""),22.87) -> 22.87 | Q35: =IFERROR(__xludf.DUMMYFUNCTION("""COMPUTED_VALUE"""),44246.66666666667) -> 44246.667 | R35: =IFERROR(__xludf.DUMMYFUNCTION("""COMPUTED_VALUE"""),127.12) -> 127.12
B36: =IFERROR(__xludf.DUMMYFUNCTION("""COMPUTED_VALUE"""),44249.66666666667) -> 44249.667 | C36: =IFERROR(__xludf.DUMMYFUNCTION("""COMPUTED_VALUE"""),45.43) -> 45.43 | E36: =IFERROR(__xludf.DUMMYFUNCTION("""COMPUTED_VALUE"""),45546.66666666667) -> 45546.667 | F36: =IFERROR(__xludf.DUMMYFUNCTION("""COMPUTED_VALUE"""),1.2) -> 1.2 | H36: =IFERROR(__xludf.DUMMYFUNCTION("""COMPUTED_VALUE"""),45299.66666666667) -> 45299.667 | I36: =IFERROR(__xludf.DUMMYFUNCTION("""COMPUTED_VALUE"""),6.23) -> 6.23 | K36: =IFERROR(__xludf.DUMMYFUNCTION("""COMPUTED_VALUE"""),44245.6875) -> 44245.688 | L36: =IFERROR(__xludf.DUMMYFUNCTION("""COMPUTED_VALUE"""),37.49) -> 37.49 | N36: =IFERROR(__xludf.DUMMYFUNCTION("""COMPUTED_VALUE"""),44249.66666666667) -> 44249.667 | O36: =IFERROR(__xludf.DUMMYFUNCTION("""COMPUTED_VALUE"""),23.63) -> 23.63 | Q36: =IFERROR(__xludf.DUMMYFUNCTION("""COMPUTED_VALUE"""),44249.66666666667) -> 44249.667 | R36: =IFERROR(__xludf.DUMMYFUNCTION("""COMPUTED_VALUE"""),126.58) -> 126.58
B37: =IFERROR(__xludf.DUMMYFUNCTION("""COMPUTED_VALUE"""),44250.66666666667) -> 44250.667 | C37: =IFERROR(__xludf.DUMMYFUNCTION("""COMPUTED_VALUE"""),45.51) -> 45.51 | E37: =IFERROR(__xludf.DUMMYFUNCTION("""COMPUTED_VALUE"""),45547.66666666667) -> 45547.667 | F37: =IFERROR(__xludf.DUMMYFUNCTION("""COMPUTED_VALUE"""),1.22) -> 1.22 | H37: =IFERROR(__xludf.DUMMYFUNCTION("""COMPUTED_VALUE"""),45300.66666666667) -> 45300.667 | I37: =IFERROR(__xludf.DUMMYFUNCTION("""COMPUTED_VALUE"""),6.66) -> 6.66 | K37: =IFERROR(__xludf.DUMMYFUNCTION("""COMPUTED_VALUE"""),44246.6875) -> 44246.688 | L37: =IFERROR(__xludf.DUMMYFUNCTION("""COMPUTED_VALUE"""),38.19) -> 38.19 | N37: =IFERROR(__xludf.DUMMYFUNCTION("""COMPUTED_VALUE"""),44250.66666666667) -> 44250.667 | O37: =IFERROR(__xludf.DUMMYFUNCTION("""COMPUTED_VALUE"""),24.23) -> 24.23 | Q37: =IFERROR(__xludf.DUMMYFUNCTION("""COMPUTED_VALUE"""),44250.66666666667) -> 44250.667 | R37: =IFERROR(__xludf.DUMMYFUNCTION("""COMPUTED_VALUE"""),127.52) -> 127.52
B38: =IFERROR(__xludf.DUMMYFUNCTION("""COMPUTED_VALUE"""),44251.66666666667) -> 44251.667 | C38: =IFERROR(__xludf.DUMMYFUNCTION("""COMPUTED_VALUE"""),45.74) -> 45.74 | E38: =IFERROR(__xludf.DUMMYFUNCTION("""COMPUTED_VALUE"""),45548.66666666667) -> 45548.667 | F38: =IFERROR(__xludf.DUMMYFUNCTION("""COMPUTED_VALUE"""),1.26) -> 1.26 | H38: =IFERROR(__xludf.DUMMYFUNCTION("""COMPUTED_VALUE"""),45301.66666666667) -> 45301.667 | I38: =IFERROR(__xludf.DUMMYFUNCTION("""COMPUTED_VALUE"""),7.79) -> 7.79 | K38: =IFERROR(__xludf.DUMMYFUNCTION("""COMPUTED_VALUE"""),44249.6875) -> 44249.688 | L38: =IFERROR(__xludf.DUMMYFUNCTION("""COMPUTED_VALUE"""),38.42) -> 38.42 | N38: =IFERROR(__xludf.DUMMYFUNCTION("""COMPUTED_VALUE"""),44251.66666666667) -> 44251.667 | O38: =IFERROR(__xludf.DUMMYFUNCTION("""COMPUTED_VALUE"""),25.3) -> 25.3 | Q38: =IFERROR(__xludf.DUMMYFUNCTION("""COMPUTED_VALUE"""),44251.66666666667) -> 44251.667 | R38: =IFERROR(__xludf.DUMMYFUNCTION("""COMPUTED_VALUE"""),127.66) -> 127.66
B39: =IFERROR(__xludf.DUMMYFUNCTION("""COMPUTED_VALUE"""),44252.66666666667) -> 44252.667 | C39: =IFERROR(__xludf.DUMMYFUNCTION("""COMPUTED_VALUE"""),45.52) -> 45.52 | E39: =IFERROR(__xludf.DUMMYFUNCTION("""COMPUTED_VALUE"""),45551.66666666667) -> 45551.667 | F39: =IFERROR(__xludf.DUMMYFUNCTION("""COMPUTED_VALUE"""),1.31) -> 1.31 | H39: =IFERROR(__xludf.DUMMYFUNCTION("""COMPUTED_VALUE"""),45302.66666666667) -> 45302.667 | I39: =IFERROR(__xludf.DUMMYFUNCTION("""COMPUTED_VALUE"""),7.9) -> 7.9 | K39: =IFERROR(__xludf.DUMMYFUNCTION("""COMPUTED_VALUE"""),44250.6875) -> 44250.688 | L39: =IFERROR(__xludf.DUMMYFUNCTION("""COMPUTED_VALUE"""),39.22) -> 39.22 | N39: =IFERROR(__xludf.DUMMYFUNCTION("""COMPUTED_VALUE"""),44252.66666666667) -> 44252.667 | O39: =IFERROR(__xludf.DUMMYFUNCTION("""COMPUTED_VALUE"""),25.59) -> 25.59 | Q39: =IFERROR(__xludf.DUMMYFUNCTION("""COMPUTED_VALUE"""),44252.66666666667) -> 44252.667 | R39: =IFERROR(__xludf.DUMMYFUNCTION("""COMPUTED_VALUE"""),126.58) -> 126.58
B40: =IFERROR(__xludf.DUMMYFUNCTION("""COMPUTED_VALUE"""),44253.66666666667) -> 44253.667 | C40: =IFERROR(__xludf.DUMMYFUNCTION("""COMPUTED_VALUE"""),44.87) -> 44.87 | E40: =IFERROR(__xludf.DUMMYFUNCTION("""COMPUTED_VALUE"""),45552.66666666667) -> 45552.667 | F40: =IFERROR(__xludf.DUMMYFUNCTION("""COMPUTED_VALUE"""),1.34) -> 1.34 | H40: =IFERROR(__xludf.DUMMYFUNCTION("""COMPUTED_VALUE"""),45303.66666666667) -> 45303.667 | I40: =IFERROR(__xludf.DUMMYFUNCTION("""COMPUTED_VALUE"""),8.0) -> 8 | K40: =IFERROR(__xludf.DUMMYFUNCTION("""COMPUTED_VALUE"""),44251.6875) -> 44251.688 | L40: =IFERROR(__xludf.DUMMYFUNCTION("""COMPUTED_VALUE"""),39.34) -> 39.34 | N40: =IFERROR(__xludf.DUMMYFUNCTION("""COMPUTED_VALUE"""),44253.66666666667) -> 44253.667 | O40: =IFERROR(__xludf.DUMMYFUNCTION("""COMPUTED_VALUE"""),24.41) -> 24.41 | Q40: =IFERROR(__xludf.DUMMYFUNCTION("""COMPUTED_VALUE"""),44253.66666666667) -> 44253.667 | R40: =IFERROR(__xludf.DUMMYFUNCTION("""COMPUTED_VALUE"""),123.53) -> 123.53
B41: =IFERROR(__xludf.DUMMYFUNCTION("""COMPUTED_VALUE"""),44256.66666666667) -> 44256.667 | C41: =IFERROR(__xludf.DUMMYFUNCTION("""COMPUTED_VALUE"""),45.92) -> 45.92 | E41: =IFERROR(__xludf.DUMMYFUNCTION("""COMPUTED_VALUE"""),45553.66666666667) -> 45553.667 | F41: =IFERROR(__xludf.DUMMYFUNCTION("""COMPUTED_VALUE"""),1.33) -> 1.33 | H41: =IFERROR(__xludf.DUMMYFUNCTION("""COMPUTED_VALUE"""),45307.66666666667) -> 45307.667 | I41: =IFERROR(__xludf.DUMMYFUNCTION("""COMPUTED_VALUE"""),7.47) -> 7.47 | K41: =IFERROR(__xludf.DUMMYFUNCTION("""COMPUTED_VALUE"""),44252.6875) -> 44252.688 | L41: =IFERROR(__xludf.DUMMYFUNCTION("""COMPUTED_VALUE"""),39.21) -> 39.21 | N41: =IFERROR(__xludf.DUMMYFUNCTION("""COMPUTED_VALUE"""),44256.66666666667) -> 44256.667 | O41: =IFERROR(__xludf.DUMMYFUNCTION("""COMPUTED_VALUE"""),24.58) -> 24.58 | Q41: =IFERROR(__xludf.DUMMYFUNCTION("""COMPUTED_VALUE"""),44256.66666666667) -> 44256.667 | R41: =IFERROR(__xludf.DUMMYFUNCTION("""COMPUTED_VALUE"""),124.29) -> 124.29
B42: =IFERROR(__xludf.DUMMYFUNCTION("""COMPUTED_VALUE"""),44257.66666666667) -> 44257.667 | C42: =IFERROR(__xludf.DUMMYFUNCTION("""COMPUTED_VALUE"""),45.52) -> 45.52 | E42: =IFERROR(__xludf.DUMMYFUNCTION("""COMPUTED_VALUE"""),45554.66666666667) -> 45554.667 | F42: =IFERROR(__xludf.DUMMYFUNCTION("""COMPUTED_VALUE"""),1.22) -> 1.22 | H42: =IFERROR(__xludf.DUMMYFUNCTION("""COMPUTED_VALUE"""),45308.66666666667) -> 45308.667 | I42: =IFERROR(__xludf.DUMMYFUNCTION("""COMPUTED_VALUE"""),7.73) -> 7.73 | K42: =IFERROR(__xludf.DUMMYFUNCTION("""COMPUTED_VALUE"""),44253.6875) -> 44253.688 | L42: =IFERROR(__xludf.DUMMYFUNCTION("""COMPUTED_VALUE"""),39.0) -> 39 | N42: =IFERROR(__xludf.DUMMYFUNCTION("""COMPUTED_VALUE"""),44257.66666666667) -> 44257.667 | O42: =IFERROR(__xludf.DUMMYFUNCTION("""COMPUTED_VALUE"""),24.77) -> 24.77 | Q42: =IFERROR(__xludf.DUMMYFUNCTION("""COMPUTED_VALUE"""),44257.66666666667) -> 44257.667 | R42: =IFERROR(__xludf.DUMMYFUNCTION("""COMPUTED_VALUE"""),123.9) -> 123.9
B43: =IFERROR(__xludf.DUMMYFUNCTION("""COMPUTED_VALUE"""),44258.66666666667) -> 44258.667 | C43: =IFERROR(__xludf.DUMMYFUNCTION("""COMPUTED_VALUE"""),45.13) -> 45.13 | E43: =IFERROR(__xludf.DUMMYFUNCTION("""COMPUTED_VALUE"""),45555.66666666667) -> 45555.667 | F43: =IFERROR(__xludf.DUMMYFUNCTION("""COMPUTED_VALUE"""),1.18) -> 1.18 | H43: =IFERROR(__xludf.DUMMYFUNCTION("""COMPUTED_VALUE"""),45309.66666666667) -> 45309.667 | I43: =IFERROR(__xludf.DUMMYFUNCTION("""COMPUTED_VALUE"""),7.98) -> 7.98 | K43: =IFERROR(__xludf.DUMMYFUNCTION("""COMPUTED_VALUE"""),44256.6875) -> 44256.688 | L43: =IFERROR(__xludf.DUMMYFUNCTION("""COMPUTED_VALUE"""),39.01) -> 39.01 | N43: =IFERROR(__xludf.DUMMYFUNCTION("""COMPUTED_VALUE"""),44258.66666666667) -> 44258.667 | O43: =IFERROR(__xludf.DUMMYFUNCTION("""COMPUTED_VALUE"""),25.58) -> 25.58 | Q43: =IFERROR(__xludf.DUMMYFUNCTION("""COMPUTED_VALUE"""),44258.66666666667) -> 44258.667 | R43: =IFERROR(__xludf.DUMMYFUNCTION("""COMPUTED_VALUE"""),123.16) -> 123.16
B44: =IFERROR(__xludf.DUMMYFUNCTION("""COMPUTED_VALUE"""),44259.66666666667) -> 44259.667 | C44: =IFERROR(__xludf.DUMMYFUNCTION("""COMPUTED_VALUE"""),44.56) -> 44.56 | E44: =IFERROR(__xludf.DUMMYFUNCTION("""COMPUTED_VALUE"""),45558.66666666667) -> 45558.667 | F44: =IFERROR(__xludf.DUMMYFUNCTION("""COMPUTED_VALUE"""),1.17) -> 1.17 | H44: =IFERROR(__xludf.DUMMYFUNCTION("""COMPUTED_VALUE"""),45310.66666666667) -> 45310.667 | I44: =IFERROR(__xludf.DUMMYFUNCTION("""COMPUTED_VALUE"""),7.88) -> 7.88 | K44: =IFERROR(__xludf.DUMMYFUNCTION("""COMPUTED_VALUE"""),44257.6875) -> 44257.688 | L44: =IFERROR(__xludf.DUMMYFUNCTION("""COMPUTED_VALUE"""),38.88) -> 38.88 | N44: =IFERROR(__xludf.DUMMYFUNCTION("""COMPUTED_VALUE"""),44259.66666666667) -> 44259.667 | O44: =IFERROR(__xludf.DUMMYFUNCTION("""COMPUTED_VALUE"""),26.03) -> 26.03 | Q44: =IFERROR(__xludf.DUMMYFUNCTION("""COMPUTED_VALUE"""),44259.66666666667) -> 44259.667 | R44: =IFERROR(__xludf.DUMMYFUNCTION("""COMPUTED_VALUE"""),122.15) -> 122.15
B45: =IFERROR(__xludf.DUMMYFUNCTION("""COMPUTED_VALUE"""),44260.66666666667) -> 44260.667 | C45: =IFERROR(__xludf.DUMMYFUNCTION("""COMPUTED_VALUE"""),46.25) -> 46.25 | E45: =IFERROR(__xludf.DUMMYFUNCTION("""COMPUTED_VALUE"""),45559.66666666667) -> 45559.667 | F45: =IFERROR(__xludf.DUMMYFUNCTION("""COMPUTED_VALUE"""),1.0) -> 1 | H45: =IFERROR(__xludf.DUMMYFUNCTION("""COMPUTED_VALUE"""),45313.66666666667) -> 45313.667 | I45: =IFERROR(__xludf.DUMMYFUNCTION("""COMPUTED_VALUE"""),9.8) -> 9.8 | K45: =IFERROR(__xludf.DUMMYFUNCTION("""COMPUTED_VALUE"""),44258.6875) -> 44258.688 | L45: =IFERROR(__xludf.DUMMYFUNCTION("""COMPUTED_VALUE"""),40.42) -> 40.42 | N45: =IFERROR(__xludf.DUMMYFUNCTION("""COMPUTED_VALUE"""),44260.66666666667) -> 44260.667 | O45: =IFERROR(__xludf.DUMMYFUNCTION("""COMPUTED_VALUE"""),26.77) -> 26.77 | Q45: =IFERROR(__xludf.DUMMYFUNCTION("""COMPUTED_VALUE"""),44260.66666666667) -> 44260.667 | R45: =IFERROR(__xludf.DUMMYFUNCTION("""COMPUTED_VALUE"""),125.98) -> 125.98
B46: =IFERROR(__xludf.DUMMYFUNCTION("""COMPUTED_VALUE"""),44263.66666666667) -> 44263.667 | C46: =IFERROR(__xludf.DUMMYFUNCTION("""COMPUTED_VALUE"""),47.51) -> 47.51 | E46: =IFERROR(__xludf.DUMMYFUNCTION("""COMPUTED_VALUE"""),45560.66666666667) -> 45560.667 | F46: =IFERROR(__xludf.DUMMYFUNCTION("""COMPUTED_VALUE"""),1.05) -> 1.05 | H46: =IFERROR(__xludf.DUMMYFUNCTION("""COMPUTED_VALUE"""),45314.66666666667) -> 45314.667 | I46: =IFERROR(__xludf.DUMMYFUNCTION("""COMPUTED_VALUE"""),11.1) -> 11.1 | K46: =IFERROR(__xludf.DUMMYFUNCTION("""COMPUTED_VALUE"""),44259.6875) -> 44259.688 | L46: =IFERROR(__xludf.DUMMYFUNCTION("""COMPUTED_VALUE"""),40.35) -> 40.35 | N46: =IFERROR(__xludf.DUMMYFUNCTION("""COMPUTED_VALUE"""),44263.66666666667) -> 44263.667 | O46: =IFERROR(__xludf.DUMMYFUNCTION("""COMPUTED_VALUE"""),26.54) -> 26.54 | Q46: =IFERROR(__xludf.DUMMYFUNCTION("""COMPUTED_VALUE"""),44263.66666666667) -> 44263.667 | R46: =IFERROR(__xludf.DUMMYFUNCTION("""COMPUTED_VALUE"""),127.31) -> 127.31
B47: =IFERROR(__xludf.DUMMYFUNCTION("""COMPUTED_VALUE"""),44264.66666666667) -> 44264.667 | C47: =IFERROR(__xludf.DUMMYFUNCTION("""COMPUTED_VALUE"""),47.89) -> 47.89 | E47: =IFERROR(__xludf.DUMMYFUNCTION("""COMPUTED_VALUE"""),45561.66666666667) -> 45561.667 | F47: =IFERROR(__xludf.DUMMYFUNCTION("""COMPUTED_VALUE"""),1.07) -> 1.07 | H47: =IFERROR(__xludf.DUMMYFUNCTION("""COMPUTED_VALUE"""),45315.66666666667) -> 45315.667 | I47: =IFERROR(__xludf.DUMMYFUNCTION("""COMPUTED_VALUE"""),7.5) -> 7.5 | K47: =IFERROR(__xludf.DUMMYFUNCTION("""COMPUTED_VALUE"""),44260.6875) -> 44260.688 | L47: =IFERROR(__xludf.DUMMYFUNCTION("""COMPUTED_VALUE"""),40.08) -> 40.08 | N47: =IFERROR(__xludf.DUMMYFUNCTION("""COMPUTED_VALUE"""),44264.66666666667) -> 44264.667 | O47: =IFERROR(__xludf.DUMMYFUNCTION("""COMPUTED_VALUE"""),26.11) -> 26.11 | Q47: =IFERROR(__xludf.DUMMYFUNCTION("""COMPUTED_VALUE"""),44264.66666666667) -> 44264.667 | R47: =IFERROR(__xludf.DUMMYFUNCTION("""COMPUTED_VALUE"""),126.18) -> 126.18
B48: =IFERROR(__xludf.DUMMYFUNCTION("""COMPUTED_VALUE"""),44265.66666666667) -> 44265.667 | C48: =IFERROR(__xludf.DUMMYFUNCTION("""COMPUTED_VALUE"""),48.29) -> 48.29 | E48: =IFERROR(__xludf.DUMMYFUNCTION("""COMPUTED_VALUE"""),45562.66666666667) -> 45562.667 | F48: =IFERROR(__xludf.DUMMYFUNCTION("""COMPUTED_VALUE"""),1.08) -> 1.08 | H48: =IFERROR(__xludf.DUMMYFUNCTION("""COMPUTED_VALUE"""),45316.66666666667) -> 45316.667 | I48: =IFERROR(__xludf.DUMMYFUNCTION("""COMPUTED_VALUE"""),9.9) -> 9.9 | K48: =IFERROR(__xludf.DUMMYFUNCTION("""COMPUTED_VALUE"""),44263.6875) -> 44263.688 | L48: =IFERROR(__xludf.DUMMYFUNCTION("""COMPUTED_VALUE"""),41.78) -> 41.78 | N48: =IFERROR(__xludf.DUMMYFUNCTION("""COMPUTED_VALUE"""),44265.66666666667) -> 44265.667 | O48: =IFERROR(__xludf.DUMMYFUNCTION("""COMPUTED_VALUE"""),26.65) -> 26.65 | Q48: =IFERROR(__xludf.DUMMYFUNCTION("""COMPUTED_VALUE"""),44265.66666666667) -> 44265.667 | R48: =IFERROR(__xludf.DUMMYFUNCTION("""COMPUTED_VALUE"""),127.34) -> 127.34
B49: =IFERROR(__xludf.DUMMYFUNCTION("""COMPUTED_VALUE"""),44266.66666666667) -> 44266.667 | C49: =IFERROR(__xludf.DUMMYFUNCTION("""COMPUTED_VALUE"""),48.8) -> 48.8 | E49: =IFERROR(__xludf.DUMMYFUNCTION("""COMPUTED_VALUE"""),45565.66666666667) -> 45565.667 | F49: =IFERROR(__xludf.DUMMYFUNCTION("""COMPUTED_VALUE"""),1.08) -> 1.08 | H49: =IFERROR(__xludf.DUMMYFUNCTION("""COMPUTED_VALUE"""),45317.66666666667) -> 45317.667 | I49: =IFERROR(__xludf.DUMMYFUNCTION("""COMPUTED_VALUE"""),3.47) -> 3.47 | K49: =IFERROR(__xludf.DUMMYFUNCTION("""COMPUTED_VALUE"""),44264.6875) -> 44264.688 | L49: =IFERROR(__xludf.DUMMYFUNCTION("""COMPUTED_VALUE"""),41.14) -> 41.14 | N49: =IFERROR(__xludf.DUMMYFUNCTION("""COMPUTED_VALUE"""),44266.66666666667) -> 44266.667 | O49: =IFERROR(__xludf.DUMMYFUNCTION("""COMPUTED_VALUE"""),26.65) -> 26.65 | Q49: =IFERROR(__xludf.DUMMYFUNCTION("""COMPUTED_VALUE"""),44266.66666666667) -> 44266.667 | R49: =IFERROR(__xludf.DUMMYFUNCTION("""COMPUTED_VALUE"""),126.91) -> 126.91
B50: =IFERROR(__xludf.DUMMYFUNCTION("""COMPUTED_VALUE"""),44267.66666666667) -> 44267.667 | C50: =IFERROR(__xludf.DUMMYFUNCTION("""COMPUTED_VALUE"""),48.82) -> 48.82 | E50: =IFERROR(__xludf.DUMMYFUNCTION("""COMPUTED_VALUE"""),45566.66666666667) -> 45566.667 | F50: =IFERROR(__xludf.DUMMYFUNCTION("""COMPUTED_VALUE"""),1.08) -> 1.08 | H50: =IFERROR(__xludf.DUMMYFUNCTION("""COMPUTED_VALUE"""),45320.66666666667) -> 45320.667 | I50: =IFERROR(__xludf.DUMMYFUNCTION("""COMPUTED_VALUE"""),2.8) -> 2.8 | K50: =IFERROR(__xludf.DUMMYFUNCTION("""COMPUTED_VALUE"""),44265.6875) -> 44265.688 | L50: =IFERROR(__xludf.DUMMYFUNCTION("""COMPUTED_VALUE"""),40.78) -> 40.78 | N50: =IFERROR(__xludf.DUMMYFUNCTION("""COMPUTED_VALUE"""),44267.66666666667) -> 44267.667 | O50: =IFERROR(__xludf.DUMMYFUNCTION("""COMPUTED_VALUE"""),26.96) -> 26.96 | Q50: =IFERROR(__xludf.DUMMYFUNCTION("""COMPUTED_VALUE"""),44267.66666666667) -> 44267.667 | R50: =IFERROR(__xludf.DUMMYFUNCTION("""COMPUTED_VALUE"""),128.14) -> 128.14
B51: =IFERROR(__xludf.DUMMYFUNCTION("""COMPUTED_VALUE"""),44270.66666666667) -> 44270.667 | C51: =IFERROR(__xludf.DUMMYFUNCTION("""COMPUTED_VALUE"""),49.41) -> 49.41 | E51: =IFERROR(__xludf.DUMMYFUNCTION("""COMPUTED_VALUE"""),45567.66666666667) -> 45567.667 | F51: =IFERROR(__xludf.DUMMYFUNCTION("""COMPUTED_VALUE"""),1.21) -> 1.21 | H51: =IFERROR(__xludf.DUMMYFUNCTION("""COMPUTED_VALUE"""),45321.66666666667) -> 45321.667 | I51: =IFERROR(__xludf.DUMMYFUNCTION("""COMPUTED_VALUE"""),2.24) -> 2.24 | K51: =IFERROR(__xludf.DUMMYFUNCTION("""COMPUTED_VALUE"""),44266.6875) -> 44266.688 | L51: =IFERROR(__xludf.DUMMYFUNCTION("""COMPUTED_VALUE"""),40.5) -> 40.5 | N51: =IFERROR(__xludf.DUMMYFUNCTION("""COMPUTED_VALUE"""),44270.66666666667) -> 44270.667 | O51: =IFERROR(__xludf.DUMMYFUNCTION("""COMPUTED_VALUE"""),26.49) -> 26.49 | Q51: =IFERROR(__xludf.DUMMYFUNCTION("""COMPUTED_VALUE"""),44270.66666666667) -> 44270.667 | R51: =IFERROR(__xludf.DUMMYFUNCTION("""COMPUTED_VALUE"""),128.56) -> 128.56
B52: =IFERROR(__xludf.DUMMYFUNCTION("""COMPUTED_VALUE"""),44271.66666666667) -> 44271.667 | C52: =IFERROR(__xludf.DUMMYFUNCTION("""COMPUTED_VALUE"""),49.67) -> 49.67 | E52: =IFERROR(__xludf.DUMMYFUNCTION("""COMPUTED_VALUE"""),45568.66666666667) -> 45568.667 | F52: =IFERROR(__xludf.DUMMYFUNCTION("""COMPUTED_VALUE"""),1.31) -> 1.31 | H52: =IFERROR(__xludf.DUMMYFUNCTION("""COMPUTED_VALUE"""),45322.66666666667) -> 45322.667 | I52: =IFERROR(__xludf.DUMMYFUNCTION("""COMPUTED_VALUE"""),2.26) -> 2.26 | K52: =IFERROR(__xludf.DUMMYFUNCTION("""COMPUTED_VALUE"""),44267.6875) -> 44267.688 | L52: =IFERROR(__xludf.DUMMYFUNCTION("""COMPUTED_VALUE"""),41.21) -> 41.21 | N52: =IFERROR(__xludf.DUMMYFUNCTION("""COMPUTED_VALUE"""),44271.66666666667) -> 44271.667 | O52: =IFERROR(__xludf.DUMMYFUNCTION("""COMPUTED_VALUE"""),26.08) -> 26.08 | Q52: =IFERROR(__xludf.DUMMYFUNCTION("""COMPUTED_VALUE"""),44271.66666666667) -> 44271.667 | R52: =IFERROR(__xludf.DUMMYFUNCTION("""COMPUTED_VALUE"""),128.94) -> 128.94
B53: =IFERROR(__xludf.DUMMYFUNCTION("""COMPUTED_VALUE"""),44272.66666666667) -> 44272.667 | C53: =IFERROR(__xludf.DUMMYFUNCTION("""COMPUTED_VALUE"""),49.42) -> 49.42 | E53: =IFERROR(__xludf.DUMMYFUNCTION("""COMPUTED_VALUE"""),45569.66666666667) -> 45569.667 | F53: =IFERROR(__xludf.DUMMYFUNCTION("""COMPUTED_VALUE"""),1.4) -> 1.4 | H53: =IFERROR(__xludf.DUMMYFUNCTION("""COMPUTED_VALUE"""),45323.66666666667) -> 45323.667 | I53: =IFERROR(__xludf.DUMMYFUNCTION("""COMPUTED_VALUE"""),2.05) -> 2.05 | K53: =IFERROR(__xludf.DUMMYFUNCTION("""COMPUTED_VALUE"""),44270.6875) -> 44270.688 | L53: =IFERROR(__xludf.DUMMYFUNCTION("""COMPUTED_VALUE"""),41.1) -> 41.1 | N53: =IFERROR(__xludf.DUMMYFUNCTION("""COMPUTED_VALUE"""),44272.66666666667) -> 44272.667 | O53: =IFERROR(__xludf.DUMMYFUNCTION("""COMPUTED_VALUE"""),26.47) -> 26.47 | Q53: =IFERROR(__xludf.DUMMYFUNCTION("""COMPUTED_VALUE"""),44272.66666666667) -> 44272.667 | R53: =IFERROR(__xludf.DUMMYFUNCTION("""COMPUTED_VALUE"""),128.42) -> 128.42
B54: =IFERROR(__xludf.DUMMYFUNCTION("""COMPUTED_VALUE"""),44273.66666666667) -> 44273.667 | C54: =IFERROR(__xludf.DUMMYFUNCTION("""COMPUTED_VALUE"""),48.8) -> 48.8 | E54: =IFERROR(__xludf.DUMMYFUNCTION("""COMPUTED_VALUE"""),45572.66666666667) -> 45572.667 | F54: =IFERROR(__xludf.DUMMYFUNCTION("""COMPUTED_VALUE"""),1.43) -> 1.43 | H54: =IFERROR(__xludf.DUMMYFUNCTION("""COMPUTED_VALUE"""),45324.66666666667) -> 45324.667 | I54: =IFERROR(__xludf.DUMMYFUNCTION("""COMPUTED_VALUE"""),1.98) -> 1.98 | K54: =IFERROR(__xludf.DUMMYFUNCTION("""COMPUTED_VALUE"""),44271.6875) -> 44271.688 | L54: =IFERROR(__xludf.DUMMYFUNCTION("""COMPUTED_VALUE"""),41.48) -> 41.48 | N54: =IFERROR(__xludf.DUMMYFUNCTION("""COMPUTED_VALUE"""),44273.66666666667) -> 44273.667 | O54: =IFERROR(__xludf.DUMMYFUNCTION("""COMPUTED_VALUE"""),25.41) -> 25.41 | Q54: =IFERROR(__xludf.DUMMYFUNCTION("""COMPUTED_VALUE"""),44273.66666666667) -> 44273.667 | R54: =IFERROR(__xludf.DUMMYFUNCTION("""COMPUTED_VALUE"""),128.7) -> 128.7
B55: =IFERROR(__xludf.DUMMYFUNCTION("""COMPUTED_VALUE"""),44274.66666666667) -> 44274.667 | C55: =IFERROR(__xludf.DUMMYFUNCTION("""COMPUTED_VALUE"""),48.98) -> 48.98 | E55: =IFERROR(__xludf.DUMMYFUNCTION("""COMPUTED_VALUE"""),45573.66666666667) -> 45573.667 | F55: =IFERROR(__xludf.DUMMYFUNCTION("""COMPUTED_VALUE"""),1.34) -> 1.34 | H55: =IFERROR(__xludf.DUMMYFUNCTION("""COMPUTED_VALUE"""),45327.66666666667) -> 45327.667 | I55: =IFERROR(__xludf.DUMMYFUNCTION("""COMPUTED_VALUE"""),1.82) -> 1.82 | K55: =IFERROR(__xludf.DUMMYFUNCTION("""COMPUTED_VALUE"""),44272.6875) -> 44272.688 | L55: =IFERROR(__xludf.DUMMYFUNCTION("""COMPUTED_VALUE"""),41.46) -> 41.46 | N55: =IFERROR(__xludf.DUMMYFUNCTION("""COMPUTED_VALUE"""),44274.66666666667) -> 44274.667 | O55: =IFERROR(__xludf.DUMMYFUNCTION("""COMPUTED_VALUE"""),25.44) -> 25.44 | Q55: =IFERROR(__xludf.DUMMYFUNCTION("""COMPUTED_VALUE"""),44274.66666666667) -> 44274.667 | R55: =IFERROR(__xludf.DUMMYFUNCTION("""COMPUTED_VALUE"""),128.01) -> 128.01
B56: =IFERROR(__xludf.DUMMYFUNCTION("""COMPUTED_VALUE"""),44277.66666666667) -> 44277.667 | C56: =IFERROR(__xludf.DUMMYFUNCTION("""COMPUTED_VALUE"""),50.3) -> 50.3 | E56: =IFERROR(__xludf.DUMMYFUNCTION("""COMPUTED_VALUE"""),45574.66666666667) -> 45574.667 | F56: =IFERROR(__xludf.DUMMYFUNCTION("""COMPUTED_VALUE"""),1.32) -> 1.32 | H56: =IFERROR(__xludf.DUMMYFUNCTION("""COMPUTED_VALUE"""),45328.66666666667) -> 45328.667 | I56: =IFERROR(__xludf.DUMMYFUNCTION("""COMPUTED_VALUE"""),2.09) -> 2.09 | K56: =IFERROR(__xludf.DUMMYFUNCTION("""COMPUTED_VALUE"""),44273.6875) -> 44273.688 | L56: =IFERROR(__xludf.DUMMYFUNCTION("""COMPUTED_VALUE"""),41.61) -> 41.61 | N56: =IFERROR(__xludf.DUMMYFUNCTION("""COMPUTED_VALUE"""),44277.66666666667) -> 44277.667 | O56: =IFERROR(__xludf.DUMMYFUNCTION("""COMPUTED_VALUE"""),25.35) -> 25.35 | Q56: =IFERROR(__xludf.DUMMYFUNCTION("""COMPUTED_VALUE"""),44277.66666666667) -> 44277.667 | R56: =IFERROR(__xludf.DUMMYFUNCTION("""COMPUTED_VALUE"""),130.18) -> 130.18
B57: =IFERROR(__xludf.DUMMYFUNCTION("""COMPUTED_VALUE"""),44278.66666666667) -> 44278.667 | C57: =IFERROR(__xludf.DUMMYFUNCTION("""COMPUTED_VALUE"""),50.01) -> 50.01 | E57: =IFERROR(__xludf.DUMMYFUNCTION("""COMPUTED_VALUE"""),45575.66666666667) -> 45575.667 | F57: =IFERROR(__xludf.DUMMYFUNCTION("""COMPUTED_VALUE"""),1.36) -> 1.36 | H57: =IFERROR(__xludf.DUMMYFUNCTION("""COMPUTED_VALUE"""),45329.66666666667) -> 45329.667 | I57: =IFERROR(__xludf.DUMMYFUNCTION("""COMPUTED_VALUE"""),1.85) -> 1.85 | K57: =IFERROR(__xludf.DUMMYFUNCTION("""COMPUTED_VALUE"""),44274.6875) -> 44274.688 | L57: =IFERROR(__xludf.DUMMYFUNCTION("""COMPUTED_VALUE"""),41.03) -> 41.03 | N57: =IFERROR(__xludf.DUMMYFUNCTION("""COMPUTED_VALUE"""),44278.66666666667) -> 44278.667 | O57: =IFERROR(__xludf.DUMMYFUNCTION("""COMPUTED_VALUE"""),24.06) -> 24.06 | Q57: =IFERROR(__xludf.DUMMYFUNCTION("""COMPUTED_VALUE"""),44278.66666666667) -> 44278.667 | R57: =IFERROR(__xludf.DUMMYFUNCTION("""COMPUTED_VALUE"""),132.6) -> 132.6
B58: =IFERROR(__xludf.DUMMYFUNCTION("""COMPUTED_VALUE"""),44279.66666666667) -> 44279.667 | C58: =IFERROR(__xludf.DUMMYFUNCTION("""COMPUTED_VALUE"""),49.65) -> 49.65 | E58: =IFERROR(__xludf.DUMMYFUNCTION("""COMPUTED_VALUE"""),45576.66666666667) -> 45576.667 | F58: =IFERROR(__xludf.DUMMYFUNCTION("""COMPUTED_VALUE"""),1.44) -> 1.44 | H58: =IFERROR(__xludf.DUMMYFUNCTION("""COMPUTED_VALUE"""),45330.66666666667) -> 45330.667 | I58: =IFERROR(__xludf.DUMMYFUNCTION("""COMPUTED_VALUE"""),1.88) -> 1.88 | K58: =IFERROR(__xludf.DUMMYFUNCTION("""COMPUTED_VALUE"""),44277.6875) -> 44277.688 | L58: =IFERROR(__xludf.DUMMYFUNCTION("""COMPUTED_VALUE"""),41.0) -> 41 | N58: =IFERROR(__xludf.DUMMYFUNCTION("""COMPUTED_VALUE"""),44279.66666666667) -> 44279.667 | O58: =IFERROR(__xludf.DUMMYFUNCTION("""COMPUTED_VALUE"""),24.75) -> 24.75 | Q58: =IFERROR(__xludf.DUMMYFUNCTION("""COMPUTED_VALUE"""),44279.66666666667) -> 44279.667 | R58: =IFERROR(__xludf.DUMMYFUNCTION("""COMPUTED_VALUE"""),132.56) -> 132.56
B59: =IFERROR(__xludf.DUMMYFUNCTION("""COMPUTED_VALUE"""),44280.66666666667) -> 44280.667 | C59: =IFERROR(__xludf.DUMMYFUNCTION("""COMPUTED_VALUE"""),50.51) -> 50.51 | E59: =IFERROR(__xludf.DUMMYFUNCTION("""COMPUTED_VALUE"""),45579.66666666667) -> 45579.667 | F59: =IFERROR(__xludf.DUMMYFUNCTION("""COMPUTED_VALUE"""),1.44) -> 1.44 | H59: =IFERROR(__xludf.DUMMYFUNCTION("""COMPUTED_VALUE"""),45331.66666666667) -> 45331.667 | I59: =IFERROR(__xludf.DUMMYFUNCTION("""COMPUTED_VALUE"""),1.86) -> 1.86 | K59: =IFERROR(__xludf.DUMMYFUNCTION("""COMPUTED_VALUE"""),44278.6875) -> 44278.688 | L59: =IFERROR(__xludf.DUMMYFUNCTION("""COMPUTED_VALUE"""),41.34) -> 41.34 | N59: =IFERROR(__xludf.DUMMYFUNCTION("""COMPUTED_VALUE"""),44280.66666666667) -> 44280.667 | O59: =IFERROR(__xludf.DUMMYFUNCTION("""COMPUTED_VALUE"""),24.57) -> 24.57 | Q59: =IFERROR(__xludf.DUMMYFUNCTION("""COMPUTED_VALUE"""),44280.66666666667) -> 44280.667 | R59: =IFERROR(__xludf.DUMMYFUNCTION("""COMPUTED_VALUE"""),133.48) -> 133.48
B60: =IFERROR(__xludf.DUMMYFUNCTION("""COMPUTED_VALUE"""),44281.66666666667) -> 44281.667 | C60: =IFERROR(__xludf.DUMMYFUNCTION("""COMPUTED_VALUE"""),52.57) -> 52.57 | E60: =IFERROR(__xludf.DUMMYFUNCTION("""COMPUTED_VALUE"""),45580.66666666667) -> 45580.667 | F60: =IFERROR(__xludf.DUMMYFUNCTION("""COMPUTED_VALUE"""),1.44) -> 1.44 | H60: =IFERROR(__xludf.DUMMYFUNCTION("""COMPUTED_VALUE"""),45334.66666666667) -> 45334.667 | I60: =IFERROR(__xludf.DUMMYFUNCTION("""COMPUTED_VALUE"""),2.01) -> 2.01 | K60: =IFERROR(__xludf.DUMMYFUNCTION("""COMPUTED_VALUE"""),44279.6875) -> 44279.688 | L60: =IFERROR(__xludf.DUMMYFUNCTION("""COMPUTED_VALUE"""),42.24) -> 42.24 | N60: =IFERROR(__xludf.DUMMYFUNCTION("""COMPUTED_VALUE"""),44281.66666666667) -> 44281.667 | O60: =IFERROR(__xludf.DUMMYFUNCTION("""COMPUTED_VALUE"""),25.23) -> 25.23 | Q60: =IFERROR(__xludf.DUMMYFUNCTION("""COMPUTED_VALUE"""),44281.66666666667) -> 44281.667 | R60: =IFERROR(__xludf.DUMMYFUNCTION("""COMPUTED_VALUE"""),135.45) -> 135.45
B61: =IFERROR(__xludf.DUMMYFUNCTION("""COMPUTED_VALUE"""),44284.66666666667) -> 44284.667 | C61: =IFERROR(__xludf.DUMMYFUNCTION("""COMPUTED_VALUE"""),52.52) -> 52.52 | E61: =IFERROR(__xludf.DUMMYFUNCTION("""COMPUTED_VALUE"""),45581.66666666667) -> 45581.667 | F61: =IFERROR(__xludf.DUMMYFUNCTION("""COMPUTED_VALUE"""),1.44) -> 1.44 | H61: =IFERROR(__xludf.DUMMYFUNCTION("""COMPUTED_VALUE"""),45335.66666666667) -> 45335.667 | I61: =IFERROR(__xludf.DUMMYFUNCTION("""COMPUTED_VALUE"""),1.88) -> 1.88 | K61: =IFERROR(__xludf.DUMMYFUNCTION("""COMPUTED_VALUE"""),44280.6875) -> 44280.688 | L61: =IFERROR(__xludf.DUMMYFUNCTION("""COMPUTED_VALUE"""),41.77) -> 41.77 | N61: =IFERROR(__xludf.DUMMYFUNCTION("""COMPUTED_VALUE"""),44284.66666666667) -> 44284.667 | O61: =IFERROR(__xludf.DUMMYFUNCTION("""COMPUTED_VALUE"""),25.18) -> 25.18 | Q61: =IFERROR(__xludf.DUMMYFUNCTION("""COMPUTED_VALUE"""),44284.66666666667) -> 44284.667 | R61: =IFERROR(__xludf.DUMMYFUNCTION("""COMPUTED_VALUE"""),137.57) -> 137.57
B62: =IFERROR(__xludf.DUMMYFUNCTION("""COMPUTED_VALUE"""),44285.66666666667) -> 44285.667 | C62: =IFERROR(__xludf.DUMMYFUNCTION("""COMPUTED_VALUE"""),51.77) -> 51.77 | E62: =IFERROR(__xludf.DUMMYFUNCTION("""COMPUTED_VALUE"""),45582.66666666667) -> 45582.667 | F62: =IFERROR(__xludf.DUMMYFUNCTION("""COMPUTED_VALUE"""),1.49) -> 1.49 | H62: =IFERROR(__xludf.DUMMYFUNCTION("""COMPUTED_VALUE"""),45336.66666666667) -> 45336.667 | I62: =IFERROR(__xludf.DUMMYFUNCTION("""COMPUTED_VALUE"""),1.92) -> 1.92 | K62: =IFERROR(__xludf.DUMMYFUNCTION("""COMPUTED_VALUE"""),44281.6875) -> 44281.688 | L62: =IFERROR(__xludf.DUMMYFUNCTION("""COMPUTED_VALUE"""),42.26) -> 42.26 | N62: =IFERROR(__xludf.DUMMYFUNCTION("""COMPUTED_VALUE"""),44285.66666666667) -> 44285.667 | O62: =IFERROR(__xludf.DUMMYFUNCTION("""COMPUTED_VALUE"""),24.88) -> 24.88 | Q62: =IFERROR(__xludf.DUMMYFUNCTION("""COMPUTED_VALUE"""),44285.66666666667) -> 44285.667 | R62: =IFERROR(__xludf.DUMMYFUNCTION("""COMPUTED_VALUE"""),135.45) -> 135.45
B63: =IFERROR(__xludf.DUMMYFUNCTION("""COMPUTED_VALUE"""),44286.66666666667) -> 44286.667 | C63: =IFERROR(__xludf.DUMMYFUNCTION("""COMPUTED_VALUE"""),51.71) -> 51.71 | E63: =IFERROR(__xludf.DUMMYFUNCTION("""COMPUTED_VALUE"""),45583.66666666667) -> 45583.667 | F63: =IFERROR(__xludf.DUMMYFUNCTION("""COMPUTED_VALUE"""),1.47) -> 1.47 | H63: =IFERROR(__xludf.DUMMYFUNCTION("""COMPUTED_VALUE"""),45337.66666666667) -> 45337.667 | I63: =IFERROR(__xludf.DUMMYFUNCTION("""COMPUTED_VALUE"""),1.83) -> 1.83 | K63: =IFERROR(__xludf.DUMMYFUNCTION("""COMPUTED_VALUE"""),44284.6875) -> 44284.688 | L63: =IFERROR(__xludf.DUMMYFUNCTION("""COMPUTED_VALUE"""),42.06) -> 42.06 | N63: =IFERROR(__xludf.DUMMYFUNCTION("""COMPUTED_VALUE"""),44286.66666666667) -> 44286.667 | O63: =IFERROR(__xludf.DUMMYFUNCTION("""COMPUTED_VALUE"""),24.35) -> 24.35 | Q63: =IFERROR(__xludf.DUMMYFUNCTION("""COMPUTED_VALUE"""),44286.66666666667) -> 44286.667 | R63: =IFERROR(__xludf.DUMMYFUNCTION("""COMPUTED_VALUE"""),135.43) -> 135.43
B64: =IFERROR(__xludf.DUMMYFUNCTION("""COMPUTED_VALUE"""),44287.66666666667) -> 44287.667 | C64: =IFERROR(__xludf.DUMMYFUNCTION("""COMPUTED_VALUE"""),51.98) -> 51.98 | E64: =IFERROR(__xludf.DUMMYFUNCTION("""COMPUTED_VALUE"""),45586.66666666667) -> 45586.667 | F64: =IFERROR(__xludf.DUMMYFUNCTION("""COMPUTED_VALUE"""),1.5) -> 1.5 | H64: =IFERROR(__xludf.DUMMYFUNCTION("""COMPUTED_VALUE"""),45338.66666666667) -> 45338.667 | I64: =IFERROR(__xludf.DUMMYFUNCTION("""COMPUTED_VALUE"""),1.85) -> 1.85 | K64: =IFERROR(__xludf.DUMMYFUNCTION("""COMPUTED_VALUE"""),44285.6875) -> 44285.688 | L64: =IFERROR(__xludf.DUMMYFUNCTION("""COMPUTED_VALUE"""),43.1) -> 43.1 | N64: =IFERROR(__xludf.DUMMYFUNCTION("""COMPUTED_VALUE"""),44287.66666666667) -> 44287.667 | O64: =IFERROR(__xludf.DUMMYFUNCTION("""COMPUTED_VALUE"""),24.58) -> 24.58 | Q64: =IFERROR(__xludf.DUMMYFUNCTION("""COMPUTED_VALUE"""),44287.66666666667) -> 44287.667 | R64: =IFERROR(__xludf.DUMMYFUNCTION("""COMPUTED_VALUE"""),134.28) -> 134.28
B65: =IFERROR(__xludf.DUMMYFUNCTION("""COMPUTED_VALUE"""),44291.66666666667) -> 44291.667 | C65: =IFERROR(__xludf.DUMMYFUNCTION("""COMPUTED_VALUE"""),52.41) -> 52.41 | E65: =IFERROR(__xludf.DUMMYFUNCTION("""COMPUTED_VALUE"""),45587.66666666667) -> 45587.667 | F65: =IFERROR(__xludf.DUMMYFUNCTION("""COMPUTED_VALUE"""),1.56) -> 1.56 | H65: =IFERROR(__xludf.DUMMYFUNCTION("""COMPUTED_VALUE"""),45342.66666666667) -> 45342.667 | I65: =IFERROR(__xludf.DUMMYFUNCTION("""COMPUTED_VALUE"""),1.73) -> 1.73 | K65: =IFERROR(__xludf.DUMMYFUNCTION("""COMPUTED_VALUE"""),44286.6875) -> 44286.688 | L65: =IFERROR(__xludf.DUMMYFUNCTION("""COMPUTED_VALUE"""),42.54) -> 42.54 | N65: =IFERROR(__xludf.DUMMYFUNCTION("""COMPUTED_VALUE"""),44291.66666666667) -> 44291.667 | O65: =IFERROR(__xludf.DUMMYFUNCTION("""COMPUTED_VALUE"""),24.26) -> 24.26 | Q65: =IFERROR(__xludf.DUMMYFUNCTION("""COMPUTED_VALUE"""),44291.66666666667) -> 44291.667 | R65: =IFERROR(__xludf.DUMMYFUNCTION("""COMPUTED_VALUE"""),136.45) -> 136.45
B66: =IFERROR(__xludf.DUMMYFUNCTION("""COMPUTED_VALUE"""),44292.66666666667) -> 44292.667 | C66: =IFERROR(__xludf.DUMMYFUNCTION("""COMPUTED_VALUE"""),52.03) -> 52.03 | E66: =IFERROR(__xludf.DUMMYFUNCTION("""COMPUTED_VALUE"""),45588.66666666667) -> 45588.667 | F66: =IFERROR(__xludf.DUMMYFUNCTION("""COMPUTED_VALUE"""),1.77) -> 1.77 | H66: =IFERROR(__xludf.DUMMYFUNCTION("""COMPUTED_VALUE"""),45343.66666666667) -> 45343.667 | I66: =IFERROR(__xludf.DUMMYFUNCTION("""COMPUTED_VALUE"""),1.58) -> 1.58 | K66: =IFERROR(__xludf.DUMMYFUNCTION("""COMPUTED_VALUE"""),44287.6875) -> 44287.688 | L66: =IFERROR(__xludf.DUMMYFUNCTION("""COMPUTED_VALUE"""),42.77) -> 42.77 | N66: =IFERROR(__xludf.DUMMYFUNCTION("""COMPUTED_VALUE"""),44292.66666666667) -> 44292.667 | O66: =IFERROR(__xludf.DUMMYFUNCTION("""COMPUTED_VALUE"""),25.1) -> 25.1 | Q66: =IFERROR(__xludf.DUMMYFUNCTION("""COMPUTED_VALUE"""),44292.66666666667) -> 44292.667 | R66: =IFERROR(__xludf.DUMMYFUNCTION("""COMPUTED_VALUE"""),136.5) -> 136.5
B67: =IFERROR(__xludf.DUMMYFUNCTION("""COMPUTED_VALUE"""),44293.66666666667) -> 44293.667 | C67: =IFERROR(__xludf.DUMMYFUNCTION("""COMPUTED_VALUE"""),51.77) -> 51.77 | E67: =IFERROR(__xludf.DUMMYFUNCTION("""COMPUTED_VALUE"""),45589.66666666667) -> 45589.667 | F67: =IFERROR(__xludf.DUMMYFUNCTION("""COMPUTED_VALUE"""),2.16) -> 2.16 | H67: =IFERROR(__xludf.DUMMYFUNCTION("""COMPUTED_VALUE"""),45344.66666666667) -> 45344.667 | I67: =IFERROR(__xludf.DUMMYFUNCTION("""COMPUTED_VALUE"""),1.49) -> 1.49 | K67: =IFERROR(__xludf.DUMMYFUNCTION("""COMPUTED_VALUE"""),44292.6875) -> 44292.688 | L67: =IFERROR(__xludf.DUMMYFUNCTION("""COMPUTED_VALUE"""),42.83) -> 42.83 | N67: =IFERROR(__xludf.DUMMYFUNCTION("""COMPUTED_VALUE"""),44293.66666666667) -> 44293.667 | O67: =IFERROR(__xludf.DUMMYFUNCTION("""COMPUTED_VALUE"""),25.37) -> 25.37 | Q67: =IFERROR(__xludf.DUMMYFUNCTION("""COMPUTED_VALUE"""),44293.66666666667) -> 44293.667 | R67: =IFERROR(__xludf.DUMMYFUNCTION("""COMPUTED_VALUE"""),136.74) -> 136.74
B68: =IFERROR(__xludf.DUMMYFUNCTION("""COMPUTED_VALUE"""),44294.66666666667) -> 44294.667 | C68: =IFERROR(__xludf.DUMMYFUNCTION("""COMPUTED_VALUE"""),51.91) -> 51.91 | E68: =IFERROR(__xludf.DUMMYFUNCTION("""COMPUTED_VALUE"""),45590.66666666667) -> 45590.667 | F68: =IFERROR(__xludf.DUMMYFUNCTION("""COMPUTED_VALUE"""),2.14) -> 2.14 | H68: =IFERROR(__xludf.DUMMYFUNCTION("""COMPUTED_VALUE"""),45345.66666666667) -> 45345.667 | I68: =IFERROR(__xludf.DUMMYFUNCTION("""COMPUTED_VALUE"""),1.38) -> 1.38 | K68: =IFERROR(__xludf.DUMMYFUNCTION("""COMPUTED_VALUE"""),44293.6875) -> 44293.688 | L68: =IFERROR(__xludf.DUMMYFUNCTION("""COMPUTED_VALUE"""),43.35) -> 43.35 | N68: =IFERROR(__xludf.DUMMYFUNCTION("""COMPUTED_VALUE"""),44294.66666666667) -> 44294.667 | O68: =IFERROR(__xludf.DUMMYFUNCTION("""COMPUTED_VALUE"""),24.72) -> 24.72 | Q68: =IFERROR(__xludf.DUMMYFUNCTION("""COMPUTED_VALUE"""),44294.66666666667) -> 44294.667 | R68: =IFERROR(__xludf.DUMMYFUNCTION("""COMPUTED_VALUE"""),137.26) -> 137.26
B69: =IFERROR(__xludf.DUMMYFUNCTION("""COMPUTED_VALUE"""),44295.66666666667) -> 44295.667 | C69: =IFERROR(__xludf.DUMMYFUNCTION("""COMPUTED_VALUE"""),52.09) -> 52.09 | E69: =IFERROR(__xludf.DUMMYFUNCTION("""COMPUTED_VALUE"""),45593.66666666667) -> 45593.667 | F69: =IFERROR(__xludf.DUMMYFUNCTION("""COMPUTED_VALUE"""),2.19) -> 2.19 | H69: =IFERROR(__xludf.DUMMYFUNCTION("""COMPUTED_VALUE"""),45348.66666666667) -> 45348.667 | I69: =IFERROR(__xludf.DUMMYFUNCTION("""COMPUTED_VALUE"""),1.6) -> 1.6 | K69: =IFERROR(__xludf.DUMMYFUNCTION("""COMPUTED_VALUE"""),44294.6875) -> 44294.688 | L69: =IFERROR(__xludf.DUMMYFUNCTION("""COMPUTED_VALUE"""),43.42) -> 43.42 | N69: =IFERROR(__xludf.DUMMYFUNCTION("""COMPUTED_VALUE"""),44295.66666666667) -> 44295.667 | O69: =IFERROR(__xludf.DUMMYFUNCTION("""COMPUTED_VALUE"""),24.39) -> 24.39 | Q69: =IFERROR(__xludf.DUMMYFUNCTION("""COMPUTED_VALUE"""),44295.66666666667) -> 44295.667 | R69: =IFERROR(__xludf.DUMMYFUNCTION("""COMPUTED_VALUE"""),136.37) -> 136.37
B70: =IFERROR(__xludf.DUMMYFUNCTION("""COMPUTED_VALUE"""),44298.66666666667) -> 44298.667 | C70: =IFERROR(__xludf.DUMMYFUNCTION("""COMPUTED_VALUE"""),51.57) -> 51.57 | E70: =IFERROR(__xludf.DUMMYFUNCTION("""COMPUTED_VALUE"""),45594.66666666667) -> 45594.667 | F70: =IFERROR(__xludf.DUMMYFUNCTION("""COMPUTED_VALUE"""),1.84) -> 1.84 | H70: =IFERROR(__xludf.DUMMYFUNCTION("""COMPUTED_VALUE"""),45349.66666666667) -> 45349.667 | I70: =IFERROR(__xludf.DUMMYFUNCTION("""COMPUTED_VALUE"""),1.79) -> 1.79 | K70: =IFERROR(__xludf.DUMMYFUNCTION("""COMPUTED_VALUE"""),44295.6875) -> 44295.688 | L70: =IFERROR(__xludf.DUMMYFUNCTION("""COMPUTED_VALUE"""),43.26) -> 43.26 | N70: =IFERROR(__xludf.DUMMYFUNCTION("""COMPUTED_VALUE"""),44298.66666666667) -> 44298.667 | O70: =IFERROR(__xludf.DUMMYFUNCTION("""COMPUTED_VALUE"""),24.62) -> 24.62 | Q70: =IFERROR(__xludf.DUMMYFUNCTION("""COMPUTED_VALUE"""),44298.66666666667) -> 44298.667 | R70: =IFERROR(__xludf.DUMMYFUNCTION("""COMPUTED_VALUE"""),136.92) -> 136.92
B71: =IFERROR(__xludf.DUMMYFUNCTION("""COMPUTED_VALUE"""),44299.66666666667) -> 44299.667 | C71: =IFERROR(__xludf.DUMMYFUNCTION("""COMPUTED_VALUE"""),51.66) -> 51.66 | E71: =IFERROR(__xludf.DUMMYFUNCTION("""COMPUTED_VALUE"""),45595.66666666667) -> 45595.667 | F71: =IFERROR(__xludf.DUMMYFUNCTION("""COMPUTED_VALUE"""),1.93) -> 1.93 | H71: =IFERROR(__xludf.DUMMYFUNCTION("""COMPUTED_VALUE"""),45350.66666666667) -> 45350.667 | I71: =IFERROR(__xludf.DUMMYFUNCTION("""COMPUTED_VALUE"""),1.67) -> 1.67 | K71: =IFERROR(__xludf.DUMMYFUNCTION("""COMPUTED_VALUE"""),44298.6875) -> 44298.688 | L71: =IFERROR(__xludf.DUMMYFUNCTION("""COMPUTED_VALUE"""),44.39) -> 44.39 | N71: =IFERROR(__xludf.DUMMYFUNCTION("""COMPUTED_VALUE"""),44299.66666666667) -> 44299.667 | O71: =IFERROR(__xludf.DUMMYFUNCTION("""COMPUTED_VALUE"""),24.62) -> 24.62 | Q71: =IFERROR(__xludf.DUMMYFUNCTION("""COMPUTED_VALUE"""),44299.66666666667) -> 44299.667 | R71: =IFERROR(__xludf.DUMMYFUNCTION("""COMPUTED_VALUE"""),135.11) -> 135.11
B72: =IFERROR(__xludf.DUMMYFUNCTION("""COMPUTED_VALUE"""),44300.66666666667) -> 44300.667 | C72: =IFERROR(__xludf.DUMMYFUNCTION("""COMPUTED_VALUE"""),51.37) -> 51.37 | E72: =IFERROR(__xludf.DUMMYFUNCTION("""COMPUTED_VALUE"""),45596.66666666667) -> 45596.667 | F72: =IFERROR(__xludf.DUMMYFUNCTION("""COMPUTED_VALUE"""),1.98) -> 1.98 | H72: =IFERROR(__xludf.DUMMYFUNCTION("""COMPUTED_VALUE"""),45351.66666666667) -> 45351.667 | I72: =IFERROR(__xludf.DUMMYFUNCTION("""COMPUTED_VALUE"""),1.67) -> 1.67 | K72: =IFERROR(__xludf.DUMMYFUNCTION("""COMPUTED_VALUE"""),44299.6875) -> 44299.688 | L72: =IFERROR(__xludf.DUMMYFUNCTION("""COMPUTED_VALUE"""),43.75) -> 43.75 | N72: =IFERROR(__xludf.DUMMYFUNCTION("""COMPUTED_VALUE"""),44300.66666666667) -> 44300.667 | O72: =IFERROR(__xludf.DUMMYFUNCTION("""COMPUTED_VALUE"""),25.54) -> 25.54 | Q72: =IFERROR(__xludf.DUMMYFUNCTION("""COMPUTED_VALUE"""),44300.66666666667) -> 44300.667 | R72: =IFERROR(__xludf.DUMMYFUNCTION("""COMPUTED_VALUE"""),135.6) -> 135.6
B73: =IFERROR(__xludf.DUMMYFUNCTION("""COMPUTED_VALUE"""),44301.66666666667) -> 44301.667 | C73: =IFERROR(__xludf.DUMMYFUNCTION("""COMPUTED_VALUE"""),51.64) -> 51.64 | E73: =IFERROR(__xludf.DUMMYFUNCTION("""COMPUTED_VALUE"""),45597.66666666667) -> 45597.667 | F73: =IFERROR(__xludf.DUMMYFUNCTION("""COMPUTED_VALUE"""),1.9) -> 1.9 | H73: =IFERROR(__xludf.DUMMYFUNCTION("""COMPUTED_VALUE"""),45352.66666666667) -> 45352.667 | I73: =IFERROR(__xludf.DUMMYFUNCTION("""COMPUTED_VALUE"""),1.59) -> 1.59 | K73: =IFERROR(__xludf.DUMMYFUNCTION("""COMPUTED_VALUE"""),44300.6875) -> 44300.688 | L73: =IFERROR(__xludf.DUMMYFUNCTION("""COMPUTED_VALUE"""),43.83) -> 43.83 | N73: =IFERROR(__xludf.DUMMYFUNCTION("""COMPUTED_VALUE"""),44301.66666666667) -> 44301.667 | O73: =IFERROR(__xludf.DUMMYFUNCTION("""COMPUTED_VALUE"""),25.2) -> 25.2 | Q73: =IFERROR(__xludf.DUMMYFUNCTION("""COMPUTED_VALUE"""),44301.66666666667) -> 44301.667 | R73: =IFERROR(__xludf.DUMMYFUNCTION("""COMPUTED_VALUE"""),137.24) -> 137.24
B74: =IFERROR(__xludf.DUMMYFUNCTION("""COMPUTED_VALUE"""),44302.66666666667) -> 44302.667 | C74: =IFERROR(__xludf.DUMMYFUNCTION("""COMPUTED_VALUE"""),52.8) -> 52.8 | E74: =IFERROR(__xludf.DUMMYFUNCTION("""COMPUTED_VALUE"""),45600.66666666667) -> 45600.667 | F74: =IFERROR(__xludf.DUMMYFUNCTION("""COMPUTED_VALUE"""),1.67) -> 1.67 | H74: =IFERROR(__xludf.DUMMYFUNCTION("""COMPUTED_VALUE"""),45355.66666666667) -> 45355.667 | I74: =IFERROR(__xludf.DUMMYFUNCTION("""COMPUTED_VALUE"""),1.51) -> 1.51 | K74: =IFERROR(__xludf.DUMMYFUNCTION("""COMPUTED_VALUE"""),44301.6875) -> 44301.688 | L74: =IFERROR(__xludf.DUMMYFUNCTION("""COMPUTED_VALUE"""),42.81) -> 42.81 | N74: =IFERROR(__xludf.DUMMYFUNCTION("""COMPUTED_VALUE"""),44302.66666666667) -> 44302.667 | O74: =IFERROR(__xludf.DUMMYFUNCTION("""COMPUTED_VALUE"""),25.18) -> 25.18 | Q74: =IFERROR(__xludf.DUMMYFUNCTION("""COMPUTED_VALUE"""),44302.66666666667) -> 44302.667 | R74: =IFERROR(__xludf.DUMMYFUNCTION("""COMPUTED_VALUE"""),137.25) -> 137.25
B75: =IFERROR(__xludf.DUMMYFUNCTION("""COMPUTED_VALUE"""),44305.66666666667) -> 44305.667 | C75: =IFERROR(__xludf.DUMMYFUNCTION("""COMPUTED_VALUE"""),52.85) -> 52.85 | E75: =IFERROR(__xludf.DUMMYFUNCTION("""COMPUTED_VALUE"""),45601.66666666667) -> 45601.667 | F75: =IFERROR(__xludf.DUMMYFUNCTION("""COMPUTED_VALUE"""),1.83) -> 1.83 | H75: =IFERROR(__xludf.DUMMYFUNCTION("""COMPUTED_VALUE"""),45356.66666666667) -> 45356.667 | I75: =IFERROR(__xludf.DUMMYFUNCTION("""COMPUTED_VALUE"""),1.57) -> 1.57 | K75: =IFERROR(__xludf.DUMMYFUNCTION("""COMPUTED_VALUE"""),44302.6875) -> 44302.688 | L75: =IFERROR(__xludf.DUMMYFUNCTION("""COMPUTED_VALUE"""),43.46) -> 43.46 | N75: =IFERROR(__xludf.DUMMYFUNCTION("""COMPUTED_VALUE"""),44305.66666666667) -> 44305.667 | O75: =IFERROR(__xludf.DUMMYFUNCTION("""COMPUTED_VALUE"""),25.31) -> 25.31 | Q75: =IFERROR(__xludf.DUMMYFUNCTION("""COMPUTED_VALUE"""),44305.66666666667) -> 44305.667 | R75: =IFERROR(__xludf.DUMMYFUNCTION("""COMPUTED_VALUE"""),136.61) -> 136.61
B76: =IFERROR(__xludf.DUMMYFUNCTION("""COMPUTED_VALUE"""),44306.66666666667) -> 44306.667 | C76: =IFERROR(__xludf.DUMMYFUNCTION("""COMPUTED_VALUE"""),51.79) -> 51.79 | E76: =IFERROR(__xludf.DUMMYFUNCTION("""COMPUTED_VALUE"""),45602.66666666667) -> 45602.667 | F76: =IFERROR(__xludf.DUMMYFUNCTION("""COMPUTED_VALUE"""),1.69) -> 1.69 | H76: =IFERROR(__xludf.DUMMYFUNCTION("""COMPUTED_VALUE"""),45357.66666666667) -> 45357.667 | I76: =IFERROR(__xludf.DUMMYFUNCTION("""COMPUTED_VALUE"""),1.57) -> 1.57 | K76: =IFERROR(__xludf.DUMMYFUNCTION("""COMPUTED_VALUE"""),44305.6875) -> 44305.688 | L76: =IFERROR(__xludf.DUMMYFUNCTION("""COMPUTED_VALUE"""),43.76) -> 43.76 | N76: =IFERROR(__xludf.DUMMYFUNCTION("""COMPUTED_VALUE"""),44306.66666666667) -> 44306.667 | O76: =IFERROR(__xludf.DUMMYFUNCTION("""COMPUTED_VALUE"""),24.78) -> 24.78 | Q76: =IFERROR(__xludf.DUMMYFUNCTION("""COMPUTED_VALUE"""),44306.66666666667) -> 44306.667 | R76: =IFERROR(__xludf.DUMMYFUNCTION("""COMPUTED_VALUE"""),137.75) -> 137.75
B77: =IFERROR(__xludf.DUMMYFUNCTION("""COMPUTED_VALUE"""),44307.66666666667) -> 44307.667 | C77: =IFERROR(__xludf.DUMMYFUNCTION("""COMPUTED_VALUE"""),51.93) -> 51.93 | E77: =IFERROR(__xludf.DUMMYFUNCTION("""COMPUTED_VALUE"""),45603.66666666667) -> 45603.667 | F77: =IFERROR(__xludf.DUMMYFUNCTION("""COMPUTED_VALUE"""),1.67) -> 1.67 | H77: =IFERROR(__xludf.DUMMYFUNCTION("""COMPUTED_VALUE"""),45358.66666666667) -> 45358.667 | I77: =IFERROR(__xludf.DUMMYFUNCTION("""COMPUTED_VALUE"""),1.52) -> 1.52 | K77: =IFERROR(__xludf.DUMMYFUNCTION("""COMPUTED_VALUE"""),44306.6875) -> 44306.688 | L77: =IFERROR(__xludf.DUMMYFUNCTION("""COMPUTED_VALUE"""),42.05) -> 42.05 | N77: =IFERROR(__xludf.DUMMYFUNCTION("""COMPUTED_VALUE"""),44307.66666666667) -> 44307.667 | O77: =IFERROR(__xludf.DUMMYFUNCTION("""COMPUTED_VALUE"""),24.96) -> 24.96 | Q77: =IFERROR(__xludf.DUMMYFUNCTION("""COMPUTED_VALUE"""),44307.66666666667) -> 44307.667 | R77: =IFERROR(__xludf.DUMMYFUNCTION("""COMPUTED_VALUE"""),136.85) -> 136.85
B78: =IFERROR(__xludf.DUMMYFUNCTION("""COMPUTED_VALUE"""),44308.66666666667) -> 44308.667 | C78: =IFERROR(__xludf.DUMMYFUNCTION("""COMPUTED_VALUE"""),51.5) -> 51.5 | E78: =IFERROR(__xludf.DUMMYFUNCTION("""COMPUTED_VALUE"""),45604.66666666667) -> 45604.667 | F78: =IFERROR(__xludf.DUMMYFUNCTION("""COMPUTED_VALUE"""),1.5) -> 1.5 | H78: =IFERROR(__xludf.DUMMYFUNCTION("""COMPUTED_VALUE"""),45359.66666666667) -> 45359.667 | I78: =IFERROR(__xludf.DUMMYFUNCTION("""COMPUTED_VALUE"""),1.54) -> 1.54 | K78: =IFERROR(__xludf.DUMMYFUNCTION("""COMPUTED_VALUE"""),44307.6875) -> 44307.688 | L78: =IFERROR(__xludf.DUMMYFUNCTION("""COMPUTED_VALUE"""),41.62) -> 41.62 | N78: =IFERROR(__xludf.DUMMYFUNCTION("""COMPUTED_VALUE"""),44308.66666666667) -> 44308.667 | O78: =IFERROR(__xludf.DUMMYFUNCTION("""COMPUTED_VALUE"""),24.34) -> 24.34 | Q78: =IFERROR(__xludf.DUMMYFUNCTION("""COMPUTED_VALUE"""),44308.66666666667) -> 44308.667 | R78: =IFERROR(__xludf.DUMMYFUNCTION("""COMPUTED_VALUE"""),134.63) -> 134.63
B79: =IFERROR(__xludf.DUMMYFUNCTION("""COMPUTED_VALUE"""),44309.66666666667) -> 44309.667 | C79: =IFERROR(__xludf.DUMMYFUNCTION("""COMPUTED_VALUE"""),51.91) -> 51.91 | E79: =IFERROR(__xludf.DUMMYFUNCTION("""COMPUTED_VALUE"""),45607.66666666667) -> 45607.667 | F79: =IFERROR(__xludf.DUMMYFUNCTION("""COMPUTED_VALUE"""),1.53) -> 1.53 | H79: =IFERROR(__xludf.DUMMYFUNCTION("""COMPUTED_VALUE"""),45362.66666666667) -> 45362.667 | I79: =IFERROR(__xludf.DUMMYFUNCTION("""COMPUTED_VALUE"""),1.51) -> 1.51 | K79: =IFERROR(__xludf.DUMMYFUNCTION("""COMPUTED_VALUE"""),44308.6875) -> 44308.688 | L79: =IFERROR(__xludf.DUMMYFUNCTION("""COMPUTED_VALUE"""),41.98) -> 41.98 | N79: =IFERROR(__xludf.DUMMYFUNCTION("""COMPUTED_VALUE"""),44309.66666666667) -> 44309.667 | O79: =IFERROR(__xludf.DUMMYFUNCTION("""COMPUTED_VALUE"""),24.52) -> 24.52 | Q79: =IFERROR(__xludf.DUMMYFUNCTION("""COMPUTED_VALUE"""),44309.66666666667) -> 44309.667 | R79: =IFERROR(__xludf.DUMMYFUNCTION("""COMPUTED_VALUE"""),133.94) -> 133.94
B80: =IFERROR(__xludf.DUMMYFUNCTION("""COMPUTED_VALUE"""),44312.66666666667) -> 44312.667 | C80: =IFERROR(__xludf.DUMMYFUNCTION("""COMPUTED_VALUE"""),51.64) -> 51.64 | E80: =IFERROR(__xludf.DUMMYFUNCTION("""COMPUTED_VALUE"""),45608.66666666667) -> 45608.667 | F80: =IFERROR(__xludf.DUMMYFUNCTION("""COMPUTED_VALUE"""),1.56) -> 1.56 | H80: =IFERROR(__xludf.DUMMYFUNCTION("""COMPUTED_VALUE"""),45363.66666666667) -> 45363.667 | I80: =IFERROR(__xludf.DUMMYFUNCTION("""COMPUTED_VALUE"""),1.51) -> 1.51 | K80: =IFERROR(__xludf.DUMMYFUNCTION("""COMPUTED_VALUE"""),44309.6875) -> 44309.688 | L80: =IFERROR(__xludf.DUMMYFUNCTION("""COMPUTED_VALUE"""),42.64) -> 42.64 | N80: =IFERROR(__xludf.DUMMYFUNCTION("""COMPUTED_VALUE"""),44312.66666666667) -> 44312.667 | O80: =IFERROR(__xludf.DUMMYFUNCTION("""COMPUTED_VALUE"""),24.92) -> 24.92 | Q80: =IFERROR(__xludf.DUMMYFUNCTION("""COMPUTED_VALUE"""),44312.66666666667) -> 44312.667 | R80: =IFERROR(__xludf.DUMMYFUNCTION("""COMPUTED_VALUE"""),131.26) -> 131.26
B81: =IFERROR(__xludf.DUMMYFUNCTION("""COMPUTED_VALUE"""),44313.66666666667) -> 44313.667 | C81: =IFERROR(__xludf.DUMMYFUNCTION("""COMPUTED_VALUE"""),51.37) -> 51.37 | E81: =IFERROR(__xludf.DUMMYFUNCTION("""COMPUTED_VALUE"""),45609.66666666667) -> 45609.667 | F81: =IFERROR(__xludf.DUMMYFUNCTION("""COMPUTED_VALUE"""),1.51) -> 1.51 | H81: =IFERROR(__xludf.DUMMYFUNCTION("""COMPUTED_VALUE"""),45364.66666666667) -> 45364.667 | I81: =IFERROR(__xludf.DUMMYFUNCTION("""COMPUTED_VALUE"""),1.47) -> 1.47 | K81: =IFERROR(__xludf.DUMMYFUNCTION("""COMPUTED_VALUE"""),44312.6875) -> 44312.688 | L81: =IFERROR(__xludf.DUMMYFUNCTION("""COMPUTED_VALUE"""),42.89) -> 42.89 | N81: =IFERROR(__xludf.DUMMYFUNCTION("""COMPUTED_VALUE"""),44313.66666666667) -> 44313.667 | O81: =IFERROR(__xludf.DUMMYFUNCTION("""COMPUTED_VALUE"""),24.94) -> 24.94 | Q81: =IFERROR(__xludf.DUMMYFUNCTION("""COMPUTED_VALUE"""),44313.66666666667) -> 44313.667 | R81: =IFERROR(__xludf.DUMMYFUNCTION("""COMPUTED_VALUE"""),131.18) -> 131.18
B82: =IFERROR(__xludf.DUMMYFUNCTION("""COMPUTED_VALUE"""),44314.66666666667) -> 44314.667 | C82: =IFERROR(__xludf.DUMMYFUNCTION("""COMPUTED_VALUE"""),51.11) -> 51.11 | E82: =IFERROR(__xludf.DUMMYFUNCTION("""COMPUTED_VALUE"""),45610.66666666667) -> 45610.667 | F82: =IFERROR(__xludf.DUMMYFUNCTION("""COMPUTED_VALUE"""),1.62) -> 1.62 | H82: =IFERROR(__xludf.DUMMYFUNCTION("""COMPUTED_VALUE"""),45365.66666666667) -> 45365.667 | I82: =IFERROR(__xludf.DUMMYFUNCTION("""COMPUTED_VALUE"""),1.43) -> 1.43 | K82: =IFERROR(__xludf.DUMMYFUNCTION("""COMPUTED_VALUE"""),44313.6875) -> 44313.688 | L82: =IFERROR(__xludf.DUMMYFUNCTION("""COMPUTED_VALUE"""),43.58) -> 43.58 | N82: =IFERROR(__xludf.DUMMYFUNCTION("""COMPUTED_VALUE"""),44314.66666666667) -> 44314.667 | O82: =IFERROR(__xludf.DUMMYFUNCTION("""COMPUTED_VALUE"""),25.64) -> 25.64 | Q82: =IFERROR(__xludf.DUMMYFUNCTION("""COMPUTED_VALUE"""),44314.66666666667) -> 44314.667 | R82: =IFERROR(__xludf.DUMMYFUNCTION("""COMPUTED_VALUE"""),131.4) -> 131.4
B83: =IFERROR(__xludf.DUMMYFUNCTION("""COMPUTED_VALUE"""),44315.66666666667) -> 44315.667 | C83: =IFERROR(__xludf.DUMMYFUNCTION("""COMPUTED_VALUE"""),51.46) -> 51.46 | E83: =IFERROR(__xludf.DUMMYFUNCTION("""COMPUTED_VALUE"""),45611.66666666667) -> 45611.667 | F83: =IFERROR(__xludf.DUMMYFUNCTION("""COMPUTED_VALUE"""),1.58) -> 1.58 | H83: =IFERROR(__xludf.DUMMYFUNCTION("""COMPUTED_VALUE"""),45366.66666666667) -> 45366.667 | I83: =IFERROR(__xludf.DUMMYFUNCTION("""COMPUTED_VALUE"""),1.32) -> 1.32 | K83: =IFERROR(__xludf.DUMMYFUNCTION("""COMPUTED_VALUE"""),44314.6875) -> 44314.688 | L83: =IFERROR(__xludf.DUMMYFUNCTION("""COMPUTED_VALUE"""),45.11) -> 45.11 | N83: =IFERROR(__xludf.DUMMYFUNCTION("""COMPUTED_VALUE"""),44315.66666666667) -> 44315.667 | O83: =IFERROR(__xludf.DUMMYFUNCTION("""COMPUTED_VALUE"""),25.5) -> 25.5 | Q83: =IFERROR(__xludf.DUMMYFUNCTION("""COMPUTED_VALUE"""),44315.66666666667) -> 44315.667 | R83: =IFERROR(__xludf.DUMMYFUNCTION("""COMPUTED_VALUE"""),132.51) -> 132.51
B84: =IFERROR(__xludf.DUMMYFUNCTION("""COMPUTED_VALUE"""),44316.66666666667) -> 44316.667 | C84: =IFERROR(__xludf.DUMMYFUNCTION("""COMPUTED_VALUE"""),50.91) -> 50.91 | E84: =IFERROR(__xludf.DUMMYFUNCTION("""COMPUTED_VALUE"""),45614.66666666667) -> 45614.667 | F84: =IFERROR(__xludf.DUMMYFUNCTION("""COMPUTED_VALUE"""),1.47) -> 1.47 | H84: =IFERROR(__xludf.DUMMYFUNCTION("""COMPUTED_VALUE"""),45369.66666666667) -> 45369.667 | I84: =IFERROR(__xludf.DUMMYFUNCTION("""COMPUTED_VALUE"""),1.33) -> 1.33 | K84: =IFERROR(__xludf.DUMMYFUNCTION("""COMPUTED_VALUE"""),44315.6875) -> 44315.688 | L84: =IFERROR(__xludf.DUMMYFUNCTION("""COMPUTED_VALUE"""),45.46) -> 45.46 | N84: =IFERROR(__xludf.DUMMYFUNCTION("""COMPUTED_VALUE"""),44316.66666666667) -> 44316.667 | O84: =IFERROR(__xludf.DUMMYFUNCTION("""COMPUTED_VALUE"""),25.16) -> 25.16 | Q84: =IFERROR(__xludf.DUMMYFUNCTION("""COMPUTED_VALUE"""),44316.66666666667) -> 44316.667 | R84: =IFERROR(__xludf.DUMMYFUNCTION("""COMPUTED_VALUE"""),133.42) -> 133.42
B85: =IFERROR(__xludf.DUMMYFUNCTION("""COMPUTED_VALUE"""),44319.66666666667) -> 44319.667 | C85: =IFERROR(__xludf.DUMMYFUNCTION("""COMPUTED_VALUE"""),51.17) -> 51.17 | E85: =IFERROR(__xludf.DUMMYFUNCTION("""COMPUTED_VALUE"""),45615.66666666667) -> 45615.667 | F85: =IFERROR(__xludf.DUMMYFUNCTION("""COMPUTED_VALUE"""),1.58) -> 1.58 | H85: =IFERROR(__xludf.DUMMYFUNCTION("""COMPUTED_VALUE"""),45370.66666666667) -> 45370.667 | I85: =IFERROR(__xludf.DUMMYFUNCTION("""COMPUTED_VALUE"""),1.53) -> 1.53 | K85: =IFERROR(__xludf.DUMMYFUNCTION("""COMPUTED_VALUE"""),44316.6875) -> 44316.688 | L85: =IFERROR(__xludf.DUMMYFUNCTION("""COMPUTED_VALUE"""),45.44) -> 45.44 | N85: =IFERROR(__xludf.DUMMYFUNCTION("""COMPUTED_VALUE"""),44319.66666666667) -> 44319.667 | O85: =IFERROR(__xludf.DUMMYFUNCTION("""COMPUTED_VALUE"""),25.69) -> 25.69 | Q85: =IFERROR(__xludf.DUMMYFUNCTION("""COMPUTED_VALUE"""),44319.66666666667) -> 44319.667 | R85: =IFERROR(__xludf.DUMMYFUNCTION("""COMPUTED_VALUE"""),135.0) -> 135
B86: =IFERROR(__xludf.DUMMYFUNCTION("""COMPUTED_VALUE"""),44320.66666666667) -> 44320.667 | C86: =IFERROR(__xludf.DUMMYFUNCTION("""COMPUTED_VALUE"""),50.71) -> 50.71 | E86: =IFERROR(__xludf.DUMMYFUNCTION("""COMPUTED_VALUE"""),45616.66666666667) -> 45616.667 | F86: =IFERROR(__xludf.DUMMYFUNCTION("""COMPUTED_VALUE"""),1.63) -> 1.63 | H86: =IFERROR(__xludf.DUMMYFUNCTION("""COMPUTED_VALUE"""),45371.66666666667) -> 45371.667 | I86: =IFERROR(__xludf.DUMMYFUNCTION("""COMPUTED_VALUE"""),1.68) -> 1.68 | K86: =IFERROR(__xludf.DUMMYFUNCTION("""COMPUTED_VALUE"""),44320.6875) -> 44320.688 | L86: =IFERROR(__xludf.DUMMYFUNCTION("""COMPUTED_VALUE"""),45.05) -> 45.05 | N86: =IFERROR(__xludf.DUMMYFUNCTION("""COMPUTED_VALUE"""),44320.66666666667) -> 44320.667 | O86: =IFERROR(__xludf.DUMMYFUNCTION("""COMPUTED_VALUE"""),25.92) -> 25.92 | Q86: =IFERROR(__xludf.DUMMYFUNCTION("""COMPUTED_VALUE"""),44320.66666666667) -> 44320.667 | R86: =IFERROR(__xludf.DUMMYFUNCTION("""COMPUTED_VALUE"""),134.54) -> 134.54
B87: =IFERROR(__xludf.DUMMYFUNCTION("""COMPUTED_VALUE"""),44321.66666666667) -> 44321.667 | C87: =IFERROR(__xludf.DUMMYFUNCTION("""COMPUTED_VALUE"""),51.13) -> 51.13 | E87: =IFERROR(__xludf.DUMMYFUNCTION("""COMPUTED_VALUE"""),45617.66666666667) -> 45617.667 | F87: =IFERROR(__xludf.DUMMYFUNCTION("""COMPUTED_VALUE"""),1.61) -> 1.61 | H87: =IFERROR(__xludf.DUMMYFUNCTION("""COMPUTED_VALUE"""),45372.66666666667) -> 45372.667 | I87: =IFERROR(__xludf.DUMMYFUNCTION("""COMPUTED_VALUE"""),1.69) -> 1.69 | K87: =IFERROR(__xludf.DUMMYFUNCTION("""COMPUTED_VALUE"""),44321.6875) -> 44321.688 | L87: =IFERROR(__xludf.DUMMYFUNCTION("""COMPUTED_VALUE"""),46.23) -> 46.23 | N87: =IFERROR(__xludf.DUMMYFUNCTION("""COMPUTED_VALUE"""),44321.66666666667) -> 44321.667 | O87: =IFERROR(__xludf.DUMMYFUNCTION("""COMPUTED_VALUE"""),26.78) -> 26.78 | Q87: =IFERROR(__xludf.DUMMYFUNCTION("""COMPUTED_VALUE"""),44321.66666666667) -> 44321.667 | R87: =IFERROR(__xludf.DUMMYFUNCTION("""COMPUTED_VALUE"""),133.46) -> 133.46
B88: =IFERROR(__xludf.DUMMYFUNCTION("""COMPUTED_VALUE"""),44322.66666666667) -> 44322.667 | C88: =IFERROR(__xludf.DUMMYFUNCTION("""COMPUTED_VALUE"""),52.44) -> 52.44 | E88: =IFERROR(__xludf.DUMMYFUNCTION("""COMPUTED_VALUE"""),45618.66666666667) -> 45618.667 | F88: =IFERROR(__xludf.DUMMYFUNCTION("""COMPUTED_VALUE"""),1.63) -> 1.63 | H88: =IFERROR(__xludf.DUMMYFUNCTION("""COMPUTED_VALUE"""),45373.66666666667) -> 45373.667 | I88: =IFERROR(__xludf.DUMMYFUNCTION("""COMPUTED_VALUE"""),1.61) -> 1.61 | K88: =IFERROR(__xludf.DUMMYFUNCTION("""COMPUTED_VALUE"""),44322.6875) -> 44322.688 | L88: =IFERROR(__xludf.DUMMYFUNCTION("""COMPUTED_VALUE"""),46.21) -> 46.21 | N88: =IFERROR(__xludf.DUMMYFUNCTION("""COMPUTED_VALUE"""),44322.66666666667) -> 44322.667 | O88: =IFERROR(__xludf.DUMMYFUNCTION("""COMPUTED_VALUE"""),26.5) -> 26.5 | Q88: =IFERROR(__xludf.DUMMYFUNCTION("""COMPUTED_VALUE"""),44322.66666666667) -> 44322.667 | R88: =IFERROR(__xludf.DUMMYFUNCTION("""COMPUTED_VALUE"""),135.14) -> 135.14
B89: =IFERROR(__xludf.DUMMYFUNCTION("""COMPUTED_VALUE"""),44323.66666666667) -> 44323.667 | C89: =IFERROR(__xludf.DUMMYFUNCTION("""COMPUTED_VALUE"""),53.43) -> 53.43 | E89: =IFERROR(__xludf.DUMMYFUNCTION("""COMPUTED_VALUE"""),45621.66666666667) -> 45621.667 | F89: =IFERROR(__xludf.DUMMYFUNCTION("""COMPUTED_VALUE"""),1.83) -> 1.83 | H89: =IFERROR(__xludf.DUMMYFUNCTION("""COMPUTED_VALUE"""),45376.66666666667) -> 45376.667 | I89: =IFERROR(__xludf.DUMMYFUNCTION("""COMPUTED_VALUE"""),1.58) -> 1.58 | K89: =IFERROR(__xludf.DUMMYFUNCTION("""COMPUTED_VALUE"""),44323.6875) -> 44323.688 | L89: =IFERROR(__xludf.DUMMYFUNCTION("""COMPUTED_VALUE"""),46.56) -> 46.56 | N89: =IFERROR(__xludf.DUMMYFUNCTION("""COMPUTED_VALUE"""),44323.66666666667) -> 44323.667 | O89: =IFERROR(__xludf.DUMMYFUNCTION("""COMPUTED_VALUE"""),26.73) -> 26.73 | Q89: =IFERROR(__xludf.DUMMYFUNCTION("""COMPUTED_VALUE"""),44323.66666666667) -> 44323.667 | R89: =IFERROR(__xludf.DUMMYFUNCTION("""COMPUTED_VALUE"""),135.15) -> 135.15
B90: =IFERROR(__xludf.DUMMYFUNCTION("""COMPUTED_VALUE"""),44326.66666666667) -> 44326.667 | C90: =IFERROR(__xludf.DUMMYFUNCTION("""COMPUTED_VALUE"""),53.16) -> 53.16 | E90: =IFERROR(__xludf.DUMMYFUNCTION("""COMPUTED_VALUE"""),45622.66666666667) -> 45622.667 | F90: =IFERROR(__xludf.DUMMYFUNCTION("""COMPUTED_VALUE"""),1.85) -> 1.85 | H90: =IFERROR(__xludf.DUMMYFUNCTION("""COMPUTED_VALUE"""),45377.66666666667) -> 45377.667 | I90: =IFERROR(__xludf.DUMMYFUNCTION("""COMPUTED_VALUE"""),1.48) -> 1.48 | K90: =IFERROR(__xludf.DUMMYFUNCTION("""COMPUTED_VALUE"""),44326.6875) -> 44326.688 | L90: =IFERROR(__xludf.DUMMYFUNCTION("""COMPUTED_VALUE"""),47.85) -> 47.85 | N90: =IFERROR(__xludf.DUMMYFUNCTION("""COMPUTED_VALUE"""),44326.66666666667) -> 44326.667 | O90: =IFERROR(__xludf.DUMMYFUNCTION("""COMPUTED_VALUE"""),26.62) -> 26.62 | Q90: =IFERROR(__xludf.DUMMYFUNCTION("""COMPUTED_VALUE"""),44326.66666666667) -> 44326.667 | R90: =IFERROR(__xludf.DUMMYFUNCTION("""COMPUTED_VALUE"""),137.67) -> 137.67
B91: =IFERROR(__xludf.DUMMYFUNCTION("""COMPUTED_VALUE"""),44327.66666666667) -> 44327.667 | C91: =IFERROR(__xludf.DUMMYFUNCTION("""COMPUTED_VALUE"""),52.83) -> 52.83 | E91: =IFERROR(__xludf.DUMMYFUNCTION("""COMPUTED_VALUE"""),45623.66666666667) -> 45623.667 | F91: =IFERROR(__xludf.DUMMYFUNCTION("""COMPUTED_VALUE"""),1.92) -> 1.92 | H91: =IFERROR(__xludf.DUMMYFUNCTION("""COMPUTED_VALUE"""),45378.66666666667) -> 45378.667 | I91: =IFERROR(__xludf.DUMMYFUNCTION("""COMPUTED_VALUE"""),1.48) -> 1.48 | K91: =IFERROR(__xludf.DUMMYFUNCTION("""COMPUTED_VALUE"""),44327.6875) -> 44327.688 | L91: =IFERROR(__xludf.DUMMYFUNCTION("""COMPUTED_VALUE"""),46.68) -> 46.68 | N91: =IFERROR(__xludf.DUMMYFUNCTION("""COMPUTED_VALUE"""),44327.66666666667) -> 44327.667 | O91: =IFERROR(__xludf.DUMMYFUNCTION("""COMPUTED_VALUE"""),25.97) -> 25.97 | Q91: =IFERROR(__xludf.DUMMYFUNCTION("""COMPUTED_VALUE"""),44327.66666666667) -> 44327.667 | R91: =IFERROR(__xludf.DUMMYFUNCTION("""COMPUTED_VALUE"""),136.99) -> 136.99
B92: =IFERROR(__xludf.DUMMYFUNCTION("""COMPUTED_VALUE"""),44328.66666666667) -> 44328.667 | C92: =IFERROR(__xludf.DUMMYFUNCTION("""COMPUTED_VALUE"""),51.6) -> 51.6 | E92: =IFERROR(__xludf.DUMMYFUNCTION("""COMPUTED_VALUE"""),45625.54513888889) -> 45625.545 | F92: =IFERROR(__xludf.DUMMYFUNCTION("""COMPUTED_VALUE"""),1.93) -> 1.93 | H92: =IFERROR(__xludf.DUMMYFUNCTION("""COMPUTED_VALUE"""),45379.66666666667) -> 45379.667 | I92: =IFERROR(__xludf.DUMMYFUNCTION("""COMPUTED_VALUE"""),1.42) -> 1.42 | K92: =IFERROR(__xludf.DUMMYFUNCTION("""COMPUTED_VALUE"""),44328.6875) -> 44328.688 | L92: =IFERROR(__xludf.DUMMYFUNCTION("""COMPUTED_VALUE"""),47.29) -> 47.29 | N92: =IFERROR(__xludf.DUMMYFUNCTION("""COMPUTED_VALUE"""),44328.66666666667) -> 44328.667 | O92: =IFERROR(__xludf.DUMMYFUNCTION("""COMPUTED_VALUE"""),26.19) -> 26.19 | Q92: =IFERROR(__xludf.DUMMYFUNCTION("""COMPUTED_VALUE"""),44328.66666666667) -> 44328.667 | R92: =IFERROR(__xludf.DUMMYFUNCTION("""COMPUTED_VALUE"""),135.54) -> 135.54
B93: =IFERROR(__xludf.DUMMYFUNCTION("""COMPUTED_VALUE"""),44329.66666666667) -> 44329.667 | C93: =IFERROR(__xludf.DUMMYFUNCTION("""COMPUTED_VALUE"""),52.49) -> 52.49 | E93: =IFERROR(__xludf.DUMMYFUNCTION("""COMPUTED_VALUE"""),45628.66666666667) -> 45628.667 | F93: =IFERROR(__xludf.DUMMYFUNCTION("""COMPUTED_VALUE"""),1.8) -> 1.8 | H93: =IFERROR(__xludf.DUMMYFUNCTION("""COMPUTED_VALUE"""),45383.66666666667) -> 45383.667 | I93: =IFERROR(__xludf.DUMMYFUNCTION("""COMPUTED_VALUE"""),1.43) -> 1.43 | K93: =IFERROR(__xludf.DUMMYFUNCTION("""COMPUTED_VALUE"""),44329.6875) -> 44329.688 | L93: =IFERROR(__xludf.DUMMYFUNCTION("""COMPUTED_VALUE"""),47.01) -> 47.01 | N93: =IFERROR(__xludf.DUMMYFUNCTION("""COMPUTED_VALUE"""),44329.66666666667) -> 44329.667 | O93: =IFERROR(__xludf.DUMMYFUNCTION("""COMPUTED_VALUE"""),25.89) -> 25.89 | Q93: =IFERROR(__xludf.DUMMYFUNCTION("""COMPUTED_VALUE"""),44329.66666666667) -> 44329.667 | R93: =IFERROR(__xludf.DUMMYFUNCTION("""COMPUTED_VALUE"""),137.72) -> 137.72
B94: =IFERROR(__xludf.DUMMYFUNCTION("""COMPUTED_VALUE"""),44330.66666666667) -> 44330.667 | C94: =IFERROR(__xludf.DUMMYFUNCTION("""COMPUTED_VALUE"""),52.9) -> 52.9 | E94: =IFERROR(__xludf.DUMMYFUNCTION("""COMPUTED_VALUE"""),45629.66666666667) -> 45629.667 | F94: =IFERROR(__xludf.DUMMYFUNCTION("""COMPUTED_VALUE"""),1.86) -> 1.86 | H94: =IFERROR(__xludf.DUMMYFUNCTION("""COMPUTED_VALUE"""),45384.66666666667) -> 45384.667 | I94: =IFERROR(__xludf.DUMMYFUNCTION("""COMPUTED_VALUE"""),1.52) -> 1.52 | K94: =IFERROR(__xludf.DUMMYFUNCTION("""COMPUTED_VALUE"""),44330.6875) -> 44330.688 | L94: =IFERROR(__xludf.DUMMYFUNCTION("""COMPUTED_VALUE"""),48.25) -> 48.25 | N94: =IFERROR(__xludf.DUMMYFUNCTION("""COMPUTED_VALUE"""),44330.66666666667) -> 44330.667 | O94: =IFERROR(__xludf.DUMMYFUNCTION("""COMPUTED_VALUE"""),26.65) -> 26.65 | Q94: =IFERROR(__xludf.DUMMYFUNCTION("""COMPUTED_VALUE"""),44330.66666666667) -> 44330.667 | R94: =IFERROR(__xludf.DUMMYFUNCTION("""COMPUTED_VALUE"""),138.01) -> 138.01
B95: =IFERROR(__xludf.DUMMYFUNCTION("""COMPUTED_VALUE"""),44333.66666666667) -> 44333.667 | C95: =IFERROR(__xludf.DUMMYFUNCTION("""COMPUTED_VALUE"""),52.94) -> 52.94 | E95: =IFERROR(__xludf.DUMMYFUNCTION("""COMPUTED_VALUE"""),45630.66666666667) -> 45630.667 | F95: =IFERROR(__xludf.DUMMYFUNCTION("""COMPUTED_VALUE"""),2.0) -> 2 | H95: =IFERROR(__xludf.DUMMYFUNCTION("""COMPUTED_VALUE"""),45385.66666666667) -> 45385.667 | I95: =IFERROR(__xludf.DUMMYFUNCTION("""COMPUTED_VALUE"""),1.75) -> 1.75 | K95: =IFERROR(__xludf.DUMMYFUNCTION("""COMPUTED_VALUE"""),44333.6875) -> 44333.688 | L95: =IFERROR(__xludf.DUMMYFUNCTION("""COMPUTED_VALUE"""),48.07) -> 48.07 | N95: =IFERROR(__xludf.DUMMYFUNCTION("""COMPUTED_VALUE"""),44333.66666666667) -> 44333.667 | O95: =IFERROR(__xludf.DUMMYFUNCTION("""COMPUTED_VALUE"""),27.08) -> 27.08 | Q95: =IFERROR(__xludf.DUMMYFUNCTION("""COMPUTED_VALUE"""),44333.66666666667) -> 44333.667 | R95: =IFERROR(__xludf.DUMMYFUNCTION("""COMPUTED_VALUE"""),137.73) -> 137.73
B96: =IFERROR(__xludf.DUMMYFUNCTION("""COMPUTED_VALUE"""),44334.66666666667) -> 44334.667 | C96: =IFERROR(__xludf.DUMMYFUNCTION("""COMPUTED_VALUE"""),52.93) -> 52.93 | E96: =IFERROR(__xludf.DUMMYFUNCTION("""COMPUTED_VALUE"""),45631.66666666667) -> 45631.667 | F96: =IFERROR(__xludf.DUMMYFUNCTION("""COMPUTED_VALUE"""),1.97) -> 1.97 | H96: =IFERROR(__xludf.DUMMYFUNCTION("""COMPUTED_VALUE"""),45386.66666666667) -> 45386.667 | I96: =IFERROR(__xludf.DUMMYFUNCTION("""COMPUTED_VALUE"""),1.67) -> 1.67 | K96: =IFERROR(__xludf.DUMMYFUNCTION("""COMPUTED_VALUE"""),44334.6875) -> 44334.688 | L96: =IFERROR(__xludf.DUMMYFUNCTION("""COMPUTED_VALUE"""),48.6) -> 48.6 | N96: =IFERROR(__xludf.DUMMYFUNCTION("""COMPUTED_VALUE"""),44334.66666666667) -> 44334.667 | O96: =IFERROR(__xludf.DUMMYFUNCTION("""COMPUTED_VALUE"""),26.86) -> 26.86 | Q96: =IFERROR(__xludf.DUMMYFUNCTION("""COMPUTED_VALUE"""),44334.66666666667) -> 44334.667 | R96: =IFERROR(__xludf.DUMMYFUNCTION("""COMPUTED_VALUE"""),136.32) -> 136.32
B97: =IFERROR(__xludf.DUMMYFUNCTION("""COMPUTED_VALUE"""),44335.66666666667) -> 44335.667 | C97: =IFERROR(__xludf.DUMMYFUNCTION("""COMPUTED_VALUE"""),52.47) -> 52.47 | E97: =IFERROR(__xludf.DUMMYFUNCTION("""COMPUTED_VALUE"""),45632.66666666667) -> 45632.667 | F97: =IFERROR(__xludf.DUMMYFUNCTION("""COMPUTED_VALUE"""),1.9) -> 1.9 | H97: =IFERROR(__xludf.DUMMYFUNCTION("""COMPUTED_VALUE"""),45387.66666666667) -> 45387.667 | I97: =IFERROR(__xludf.DUMMYFUNCTION("""COMPUTED_VALUE"""),1.75) -> 1.75 | K97: =IFERROR(__xludf.DUMMYFUNCTION("""COMPUTED_VALUE"""),44335.6875) -> 44335.688 | L97: =IFERROR(__xludf.DUMMYFUNCTION("""COMPUTED_VALUE"""),47.96) -> 47.96 | N97: =IFERROR(__xludf.DUMMYFUNCTION("""COMPUTED_VALUE"""),44335.66666666667) -> 44335.667 | O97: =IFERROR(__xludf.DUMMYFUNCTION("""COMPUTED_VALUE"""),26.18) -> 26.18 | Q97: =IFERROR(__xludf.DUMMYFUNCTION("""COMPUTED_VALUE"""),44335.66666666667) -> 44335.667 | R97: =IFERROR(__xludf.DUMMYFUNCTION("""COMPUTED_VALUE"""),136.6) -> 136.6
B98: =IFERROR(__xludf.DUMMYFUNCTION("""COMPUTED_VALUE"""),44336.66666666667) -> 44336.667 | C98: =IFERROR(__xludf.DUMMYFUNCTION("""COMPUTED_VALUE"""),52.85) -> 52.85 | E98: =IFERROR(__xludf.DUMMYFUNCTION("""COMPUTED_VALUE"""),45635.66666666667) -> 45635.667 | F98: =IFERROR(__xludf.DUMMYFUNCTION("""COMPUTED_VALUE"""),2.13) -> 2.13 | H98: =IFERROR(__xludf.DUMMYFUNCTION("""COMPUTED_VALUE"""),45390.66666666667) -> 45390.667 | I98: =IFERROR(__xludf.DUMMYFUNCTION("""COMPUTED_VALUE"""),1.98) -> 1.98 | K98: =IFERROR(__xludf.DUMMYFUNCTION("""COMPUTED_VALUE"""),44336.6875) -> 44336.688 | L98: =IFERROR(__xludf.DUMMYFUNCTION("""COMPUTED_VALUE"""),48.22) -> 48.22 | N98: =IFERROR(__xludf.DUMMYFUNCTION("""COMPUTED_VALUE"""),44336.66666666667) -> 44336.667 | O98: =IFERROR(__xludf.DUMMYFUNCTION("""COMPUTED_VALUE"""),26.52) -> 26.52 | Q98: =IFERROR(__xludf.DUMMYFUNCTION("""COMPUTED_VALUE"""),44336.66666666667) -> 44336.667 | R98: =IFERROR(__xludf.DUMMYFUNCTION("""COMPUTED_VALUE"""),138.0) -> 138
B99: =IFERROR(__xludf.DUMMYFUNCTION("""COMPUTED_VALUE"""),44337.66666666667) -> 44337.667 | C99: =IFERROR(__xludf.DUMMYFUNCTION("""COMPUTED_VALUE"""),52.43) -> 52.43 | E99: =IFERROR(__xludf.DUMMYFUNCTION("""COMPUTED_VALUE"""),45636.66666666667) -> 45636.667 | F99: =IFERROR(__xludf.DUMMYFUNCTION("""COMPUTED_VALUE"""),2.16) -> 2.16 | H99: =IFERROR(__xludf.DUMMYFUNCTION("""COMPUTED_VALUE"""),45391.66666666667) -> 45391.667 | I99: =IFERROR(__xludf.DUMMYFUNCTION("""COMPUTED_VALUE"""),1.79) -> 1.79 | K99: =IFERROR(__xludf.DUMMYFUNCTION("""COMPUTED_VALUE"""),44337.6875) -> 44337.688 | L99: =IFERROR(__xludf.DUMMYFUNCTION("""COMPUTED_VALUE"""),48.47) -> 48.47 | N99: =IFERROR(__xludf.DUMMYFUNCTION("""COMPUTED_VALUE"""),44337.66666666667) -> 44337.667 | O99: =IFERROR(__xludf.DUMMYFUNCTION("""COMPUTED_VALUE"""),26.52) -> 26.52 | Q99: =IFERROR(__xludf.DUMMYFUNCTION("""COMPUTED_VALUE"""),44337.66666666667) -> 44337.667 | R99: =IFERROR(__xludf.DUMMYFUNCTION("""COMPUTED_VALUE"""),138.0) -> 138
B100: =IFERROR(__xludf.DUMMYFUNCTION("""COMPUTED_VALUE"""),44340.66666666667) -> 44340.667 | C100: =IFERROR(__xludf.DUMMYFUNCTION("""COMPUTED_VALUE"""),53.39) -> 53.39 | E100: =IFERROR(__xludf.DUMMYFUNCTION("""COMPUTED_VALUE"""),45637.66666666667) -> 45637.667 | F100: =IFERROR(__xludf.DUMMYFUNCTION("""COMPUTED_VALUE"""),2.26) -> 2.26 | H100: =IFERROR(__xludf.DUMMYFUNCTION("""COMPUTED_VALUE"""),45392.66666666667) -> 45392.667 | I100: =IFERROR(__xludf.DUMMYFUNCTION("""COMPUTED_VALUE"""),1.91) -> 1.91 | K100: =IFERROR(__xludf.DUMMYFUNCTION("""COMPUTED_VALUE"""),44340.6875) -> 44340.688 | L100: =IFERROR(__xludf.DUMMYFUNCTION("""COMPUTED_VALUE"""),48.72) -> 48.72 | N100: =IFERROR(__xludf.DUMMYFUNCTION("""COMPUTED_VALUE"""),44340.66666666667) -> 44340.667 | O100: =IFERROR(__xludf.DUMMYFUNCTION("""COMPUTED_VALUE"""),27.02) -> 27.02 | Q100: =IFERROR(__xludf.DUMMYFUNCTION("""COMPUTED_VALUE"""),44340.66666666667) -> 44340.667 | R100: =IFERROR(__xludf.DUMMYFUNCTION("""COMPUTED_VALUE"""),137.96) -> 137.96
...

Sheet Maths
A1: Cisco Daily returns | B1: NVIDIA Daily returns | C1: RR Daily returns | D1: Lloydes Daily returns | E1: BP Daily returns | F1: PG 500 Daily Returns | J1: Stock/EFT | K1: Average | L1: Standard Deviation | P1: =J2 -> Cisco | Q1: =O3 -> NVIDAI | R1: =O4 -> RR | S1: =O5 -> Lloydes | T1: =O6 -> BP | U1: =O7 -> PG
A2: =(('Historical Data'!C4)-('Historical Data'!C3))/('Historical Data'!C3) -> 0.00045495905 | B2: =(('Historical Data'!F4)-('Historical Data'!F3))/('Historical Data'!F3) -> 0 | C2: =(('Historical Data'!I4)-('Historical Data'!I3))/('Historical Data'!I3) -> 0.078095238 | D2: =(('Historical Data'!L4)-('Historical Data'!L3))/('Historical Data'!L3) -> 0.010619977 | E2: =(('Historical Data'!O4)-('Historical Data'!O3))/('Historical Data'!O3) -> 0.074411906 | F2: =(('Historical Data'!R4)-('Historical Data'!R3))/('Historical Data'!R3) -> 0.00638514 | J2: Cisco | K2: =AVERAGE(A:A) -> 0.00056585805 | L2: =STDEV(A:A) -> 0.014657906 | O2: =J2 -> Cisco | P2: =_xlfn.VAR.S(A2:A2000) -> 0.00021485421 | Q2: =_xlfn.COVARIANCE.S(A2:A2000,B2:B2000) -> 8.3691394e-05 | R2: =_xlfn.COVARIANCE.S(A2:A2000,C2:C2000) -> 5.0080623e-05 | S2: =_xlfn.COVARIANCE.S(A2:A2000,D2:D2000) -> 5.7581698e-06 | T2: =_xlfn.COVARIANCE.S(A2:A2000,E2:E2000) -> 6.2818877e-05 | U2: =_xlfn.COVARIANCE.S(A2:A2000,F2:F2000) -> 5.2966798e-05
A3: =(('Historical Data'!C5)-('Historical Data'!C4))/('Historical Data'!C4) -> 0.0095497954 | B3: =(('Historical Data'!F5)-('Historical Data'!F4))/('Historical Data'!F4) -> 0.041666667 | C3: =(('Historical Data'!I5)-('Historical Data'!I4))/('Historical Data'!I4) -> -0.019434629 | D3: =(('Historical Data'!L5)-('Historical Data'!L4))/('Historical Data'!L4) -> 0.055381994 | E3: =(('Historical Data'!O5)-('Historical Data'!O4))/('Historical Data'!O4) -> 0.046023235 | F3: =(('Historical Data'!R5)-('Historical Data'!R4))/('Historical Data'!R4) -> 0.010526316 | J3: NVIDAI | K3: =AVERAGE(B:B) -> 0.0059292059 | L3: =STDEV(B:B) -> 0.10183098 | O3: =J3 -> NVIDAI | P3: =_xlfn.COVARIANCE.S(A2:A2000,B2:B2000) -> 8.3691394e-05 | Q3: =_xlfn.VAR.S(B2:B2000) -> 0.010369548 | R3: =_xlfn.COVARIANCE.S(B2:B2000,C2:C2000) -> -1.7798516e-05 | S3: =_xlfn.COVARIANCE.S(B2:B2000,D2:D2000) -> 0.00011331887 | T3: =_xlfn.COVARIANCE.S(B2:B2000,E2:E2000) -> 9.4898474e-05 | U3: =_xlfn.COVARIANCE.S(B2:B2000,F2:F2000) -> -7.1007765e-05
A4: =(('Historical Data'!C6)-('Historical Data'!C5))/('Historical Data'!C5) -> 0.012612613 | B4: =(('Historical Data'!F6)-('Historical Data'!F5))/('Historical Data'!F5) -> 0.01 | C4: =(('Historical Data'!I6)-('Historical Data'!I5))/('Historical Data'!I5) -> -0.061261261 | D4: =(('Historical Data'!L6)-('Historical Data'!L5))/('Historical Data'!L5) -> -0.0072658773 | E4: =(('Historical Data'!O6)-('Historical Data'!O5))/('Historical Data'!O5) -> 0.021358394 | F4: =(('Historical Data'!R6)-('Historical Data'!R5))/('Historical Data'!R5) -> -0.0093464612 | J4: RR | K4: =AVERAGE(C:C) -> 0.0056615594 | L4: =STDEV(C:C) -> 0.10748995 | O4: =J4 -> RR | P4: =_xlfn.COVARIANCE.S(A2:A2000,C2:C2000) -> 5.0080623e-05 | Q4: =_xlfn.COVARIANCE.S(C2:C2000,B2:B2000) -> -1.7798516e-05 | R4: =_xlfn.VAR.S(C2:C2000) -> 0.01155409 | S4: =_xlfn.COVARIANCE.S(C2:C2000,D2:D2000) -> 7.5546274e-05 | T4: =_xlfn.COVARIANCE.S(C2:C2000,E2:E2000) -> 0.0001452138 | U4: =_xlfn.COVARIANCE.S(C2:C2000,F2:F2000) -> 1.7000329e-05
A5: =(('Historical Data'!C7)-('Historical Data'!C6))/('Historical Data'!C6) -> 0.0022241993 | B5: =(('Historical Data'!F7)-('Historical Data'!F6))/('Historical Data'!F6) -> 0.0099009901 | C5: =(('Historical Data'!I7)-('Historical Data'!I6))/('Historical Data'!I6) -> -0.11324376 | D5: =(('Historical Data'!L7)-('Historical Data'!L6))/('Historical Data'!L6) -> -0.001626457 | E5: =(('Historical Data'!O7)-('Historical Data'!O6))/('Historical Data'!O6) -> 0.020493517 | F5: =(('Historical Data'!R7)-('Historical Data'!R6))/('Historical Data'!R6) -> -0.00043212099 | J5: Lloydes | K5: =AVERAGE(D:D) -> 0.00099335792 | L5: =stdev(D:D) -> 0.016927524 | O5: =J5 -> Lloydes | P5: =_xlfn.COVARIANCE.S(A2:A2000,D2:D2000) -> 5.7581698e-06 | Q5: =_xlfn.COVARIANCE.S(D2:D2000,B2:B2000) -> 0.00011331887 | R5: =_xlfn.COVARIANCE.S(C2:C2000,D2:D2000) -> 7.5546274e-05 | S5: =_xlfn.VAR.S(D2:D2000) -> 0.00028654107 | T5: =_xlfn.COVARIANCE.S(D2:D2000,E2:E2000) -> 1.7390007e-05 | U5: =_xlfn.COVARIANCE.S(D2:D2000,F2:F2000) -> 8.4212594e-06
A6: =(('Historical Data'!C8)-('Historical Data'!C7))/('Historical Data'!C7) -> 0.0066577896 | B6: =(('Historical Data'!F8)-('Historical Data'!F7))/('Historical Data'!F7) -> 0.0098039216 | C6: =(('Historical Data'!I8)-('Historical Data'!I7))/('Historical Data'!I7) -> -0.012987013 | D6: =(('Historical Data'!L8)-('Historical Data'!L7))/('Historical Data'!L7) -> -0.017920174 | E6: =(('Historical Data'!O8)-('Historical Data'!O7))/('Historical Data'!O7) -> -0.00081967213 | F6: =(('Historical Data'!R8)-('Historical Data'!R7))/('Historical Data'!R7) -> -0.0067728222 | J6: BP | K6: =AVERAGE(E:E) -> 0.00066752957 | L6: =stdev(E:E) -> 0.018606047 | O6: =J6 -> BP | P6: =_xlfn.COVARIANCE.S(A2:A2000,E2:E2000) -> 6.2818877e-05 | Q6: =_xlfn.COVARIANCE.S(B2:B2000,E2:E2000) -> 9.4898474e-05 | R6: =_xlfn.COVARIANCE.S(C2:C2000,E2:E2000) -> 0.0001452138 | S6: =_xlfn.COVARIANCE.S(D2:D2000,E2:E2000) -> 1.7390007e-05 | T6: =_xlfn.VAR.S(E2:E2000) -> 0.00034618499 | U6: =_xlfn.COVARIANCE.S(E2:E2000,F2:F2000) -> 1.2350217e-05
A7: =(('Historical Data'!C9)-('Historical Data'!C8))/('Historical Data'!C8) -> 0.0094797178 | B7: =(('Historical Data'!F9)-('Historical Data'!F8))/('Historical Data'!F8) -> -0.0097087379 | C7: =(('Historical Data'!I9)-('Historical Data'!I8))/('Historical Data'!I8) -> 0.021929825 | D7: =(('Historical Data'!L9)-('Historical Data'!L8))/('Historical Data'!L8) -> 0.015758916 | E7: =(('Historical Data'!O9)-('Historical Data'!O8))/('Historical Data'!O8) -> 0.025840853 | F7: =(('Historical Data'!R9)-('Historical Data'!R8))/('Historical Data'!R8) -> -0.0058034095 | J7: PG | K7: =AVERAGE(F:F) -> 0.00027299464 | L7: =STDEV(F:F) -> 0.010728947 | O7: =J7 -> PG | P7: =_xlfn.COVARIANCE.S(A2:A2000,F2:F2000) -> 5.2966798e-05 | Q7: =_xlfn.COVARIANCE.S(B2:B2000,F2:F2000) -> -7.1007765e-05 | R7: =_xlfn.COVARIANCE.S(C2:C2000,F2:F2000) -> 1.7000329e-05 | S7: =_xlfn.COVARIANCE.S(D2:D2000,F2:F2000) -> 8.4212594e-06 | T7: =_xlfn.COVARIANCE.S(E2:E2000,F2:F2000) -> 1.2350217e-05 | U7: =_xlfn.VAR.S(F2:F2000) -> 0.0001151103
A8: =(('Historical Data'!C10)-('Historical Data'!C9))/('Historical Data'!C9) -> -0.0093906967 | B8: =(('Historical Data'!F10)-('Historical Data'!F9))/('Historical Data'!F9) -> -0.029411765 | C8: =(('Historical Data'!I10)-('Historical Data'!I9))/('Historical Data'!I9) -> -0.10085837 | D8: =(('Historical Data'!L10)-('Historical Data'!L9))/('Historical Data'!L9) -> -0.013609145 | E8: =(('Historical Data'!O10)-('Historical Data'!O9))/('Historical Data'!O9) -> -0.0091963215 | F8: =(('Historical Data'!R10)-('Historical Data'!R9))/('Historical Data'!R9) -> 0.0015322875
A9: =(('Historical Data'!C11)-('Historical Data'!C10))/('Historical Data'!C10) -> -0.0046296296 | B9: =(('Historical Data'!F11)-('Historical Data'!F10))/('Historical Data'!F10) -> 0 | C9: =(('Historical Data'!I11)-('Historical Data'!I10))/('Historical Data'!I10) -> 0.019093079 | D9: =(('Historical Data'!L11)-('Historical Data'!L10))/('Historical Data'!L10) -> 0.0060706402 | E9: =(('Historical Data'!O11)-('Historical Data'!O10))/('Historical Data'!O10) -> 0.027845036 | F9: =(('Historical Data'!R11)-('Historical Data'!R10))/('Historical Data'!R10) -> -0.010636748
A10: =(('Historical Data'!C12)-('Historical Data'!C11))/('Historical Data'!C11) -> 0.0062015504 | B10: =(('Historical Data'!F12)-('Historical Data'!F11))/('Historical Data'!F11) -> 0.02020202 | C10: =(('Historical Data'!I12)-('Historical Data'!I11))/('Historical Data'!I11) -> 0.049180328 | D10: =(('Historical Data'!L12)-('Historical Data'!L11))/('Historical Data'!L11) -> -0.014262205 | E10: =(('Historical Data'!O12)-('Historical Data'!O11))/('Historical Data'!O11) -> -0.047506871 | F10: =(('Historical Data'!R12)-('Historical Data'!R11))/('Historical Data'!R11) -> -0.0075110457 | J10: Covariance Matrix | K10: =_xlfn.COVARIANCE.S(K2:K7,L2:L7) -> 0.00012363129
A11: =(('Historical Data'!C13)-('Historical Data'!C12))/('Historical Data'!C12) -> -0.0052828527 | B11: =(('Historical Data'!F13)-('Historical Data'!F12))/('Historical Data'!F12) -> 0 | C11: =(('Historical Data'!I13)-('Historical Data'!I12))/('Historical Data'!I12) -> 0.12276786 | D11: =(('Historical Data'!L13)-('Historical Data'!L12))/('Historical Data'!L12) -> 0.0063995548 | E11: =(('Historical Data'!O13)-('Historical Data'!O12))/('Historical Data'!O12) -> 0.016075845 | F11: =(('Historical Data'!R13)-('Historical Data'!R12))/('Historical Data'!R12) -> -0.0087550082
A12: =(('Historical Data'!C14)-('Historical Data'!C13))/('Historical Data'!C13) -> 0.0033193184 | B12: =(('Historical Data'!F14)-('Historical Data'!F13))/('Historical Data'!F13) -> 0.12871287 | C12: =(('Historical Data'!I14)-('Historical Data'!I13))/('Historical Data'!I13) -> -0.011928429 | D12: =(('Historical Data'!L14)-('Historical Data'!L13))/('Historical Data'!L13) -> -0.0047000276 | E12: =(('Historical Data'!O14)-('Historical Data'!O13))/('Historical Data'!O13) -> 0.0064908722 | F12: =(('Historical Data'!R14)-('Historical Data'!R13))/('Historical Data'!R13) -> -0.0125
A13: =(('Historical Data'!C15)-('Historical Data'!C14))/('Historical Data'!C14) -> -0.0050727834 | B13: =(('Historical Data'!F15)-('Historical Data'!F14))/('Historical Data'!F14) -> 0.0087719298 | C13: =(('Historical Data'!I15)-('Historical Data'!I14))/('Historical Data'!I14) -> 0.024144869 | D13: =(('Historical Data'!L15)-('Historical Data'!L14))/('Historical Data'!L14) -> -0.0061111111 | E13: =(('Historical Data'!O15)-('Historical Data'!O14))/('Historical Data'!O14) -> -0.031841999 | F13: =(('Historical Data'!R15)-('Historical Data'!R14))/('Historical Data'!R14) -> -0.006973395
A14: =(('Historical Data'!C16)-('Historical Data'!C15))/('Historical Data'!C15) -> -0.0075371315 | B14: =(('Historical Data'!F16)-('Historical Data'!F15))/('Historical Data'!F15) -> -0.13043478 | C14: =(('Historical Data'!I16)-('Historical Data'!I15))/('Historical Data'!I15) -> 0.0039292731 | D14: =(('Historical Data'!L16)-('Historical Data'!L15))/('Historical Data'!L15) -> -0.012856344 | E14: =(('Historical Data'!O16)-('Historical Data'!O15))/('Historical Data'!O15) -> -0.006244796 | F14: =(('Historical Data'!R16)-('Historical Data'!R15))/('Historical Data'!R15) -> -0.0077093352
A15: =(('Historical Data'!C17)-('Historical Data'!C16))/('Historical Data'!C16) -> 0.0058074604 | B15: =(('Historical Data'!F17)-('Historical Data'!F16))/('Historical Data'!F16) -> -0.03 | C15: =(('Historical Data'!I17)-('Historical Data'!I16))/('Historical Data'!I16) -> -0.019569472 | D15: =(('Historical Data'!L17)-('Historical Data'!L16))/('Historical Data'!L16) -> -0.015571914 | E15: =(('Historical Data'!O17)-('Historical Data'!O16))/('Historical Data'!O16) -> -0.033514872 | F15: =(('Historical Data'!R17)-('Historical Data'!R16))/('Historical Data'!R16) -> 0.017230769
A16: =(('Historical Data'!C18)-('Historical Data'!C17))/('Historical Data'!C17) -> 0.005107706 | B16: =(('Historical Data'!F18)-('Historical Data'!F17))/('Historical Data'!F17) -> -0.030927835 | C16: =(('Historical Data'!I18)-('Historical Data'!I17))/('Historical Data'!I17) -> -0.005988024 | D16: =(('Historical Data'!L18)-('Historical Data'!L17))/('Historical Data'!L17) -> -0.026747196 | E16: =(('Historical Data'!O18)-('Historical Data'!O17))/('Historical Data'!O17) -> -0.0017338535 | F16: =(('Historical Data'!R18)-('Historical Data'!R17))/('Historical Data'!R17) -> 0.0064277072
A17: =(('Historical Data'!C19)-('Historical Data'!C18))/('Historical Data'!C18) -> 0.0097216085 | B17: =(('Historical Data'!F19)-('Historical Data'!F18))/('Historical Data'!F18) -> 0.13829787 | C17: =(('Historical Data'!I19)-('Historical Data'!I18))/('Historical Data'!I18) -> -0.040160643 | D17: =(('Historical Data'!L19)-('Historical Data'!L18))/('Historical Data'!L18) -> 0.016843972 | E17: =(('Historical Data'!O19)-('Historical Data'!O18))/('Historical Data'!O18) -> -0.013026487 | F17: =(('Historical Data'!R19)-('Historical Data'!R18))/('Historical Data'!R18) -> -0.035389586
A18: =(('Historical Data'!C20)-('Historical Data'!C19))/('Historical Data'!C19) -> -0.0078774617 | B18: =(('Historical Data'!F20)-('Historical Data'!F19))/('Historical Data'!F19) -> 0.093457944 | C18: =(('Historical Data'!I20)-('Historical Data'!I19))/('Historical Data'!I19) -> 0.0041841004 | D18: =(('Historical Data'!L20)-('Historical Data'!L19))/('Historical Data'!L19) -> -0.03371113 | E18: =(('Historical Data'!O20)-('Historical Data'!O19))/('Historical Data'!O19) -> 0.0057193137 | F18: =(('Historical Data'!R20)-('Historical Data'!R19))/('Historical Data'!R19) -> 0.015422963
A19: =(('Historical Data'!C21)-('Historical Data'!C20))/('Historical Data'!C20) -> -0.016762241 | B19: =(('Historical Data'!F21)-('Historical Data'!F20))/('Historical Data'!F20) -> 0 | C19: =(('Historical Data'!I21)-('Historical Data'!I20))/('Historical Data'!I20) -> -0.014583333 | D19: =(('Historical Data'!L21)-('Historical Data'!L20))/('Historical Data'!L20) -> 0.0066165414 | E19: =(('Historical Data'!O21)-('Historical Data'!O20))/('Historical Data'!O20) -> -0.0279965 | F19: =(('Historical Data'!R21)-('Historical Data'!R20))/('Historical Data'!R20) -> -0.016492789
A20: =(('Historical Data'!C22)-('Historical Data'!C21))/('Historical Data'!C21) -> 0.018393899 | B20: =(('Historical Data'!F22)-('Historical Data'!F21))/('Historical Data'!F21) -> 0.0085470085 | C20: =(('Historical Data'!I22)-('Historical Data'!I21))/('Historical Data'!I21) -> -0.0042283298 | D20: =(('Historical Data'!L22)-('Historical Data'!L21))/('Historical Data'!L21) -> -0.014042426 | E20: =(('Historical Data'!O22)-('Historical Data'!O21))/('Historical Data'!O21) -> -0.000450045 | F20: =(('Historical Data'!R22)-('Historical Data'!R21))/('Historical Data'!R21) -> 0.0059277747
A21: =(('Historical Data'!C23)-('Historical Data'!C22))/('Historical Data'!C22) -> 0.0094713656 | B21: =(('Historical Data'!F23)-('Historical Data'!F22))/('Historical Data'!F22) -> 0 | C21: =(('Historical Data'!I23)-('Historical Data'!I22))/('Historical Data'!I22) -> 0.01910828 | D21: =(('Historical Data'!L23)-('Historical Data'!L22))/('Historical Data'!L22) -> 0.016060606 | E21: =(('Historical Data'!O23)-('Historical Data'!O22))/('Historical Data'!O22) -> -0.065736155 | F21: =(('Historical Data'!R23)-('Historical Data'!R22))/('Historical Data'!R22) -> -0.0013956734
A22: =(('Historical Data'!C24)-('Historical Data'!C23))/('Historical Data'!C23) -> -0.0013091861 | B22: =(('Historical Data'!F24)-('Historical Data'!F23))/('Historical Data'!F23) -> 0.050847458 | C22: =(('Historical Data'!I24)-('Historical Data'!I23))/('Historical Data'!I23) -> 0.05625 | D22: =(('Historical Data'!L24)-('Historical Data'!L23))/('Historical Data'!L23) -> 0.013719058 | E22: =(('Historical Data'!O24)-('Historical Data'!O23))/('Historical Data'!O23) -> 0.025060241 | F22: =(('Historical Data'!R24)-('Historical Data'!R23))/('Historical Data'!R23) -> 0.0012423325
... A397: =(('Historical Data'!C399)-('Historical Data'!C398))/('Historical Data'!C398) -> -0.0019836897 | B397: =(('Historical Data'!F399)-('Historical Data'!F398))/('Historical Data'!F398) -> -1 | C397: =(('Historical Data'!I399)-('Historical Data'!I398))/('Historical Data'!I398) -> -0.042780749 | D397: =(('Historical Data'!L399)-('Historical Data'!L398))/('Historical Data'!L398) -> 0.018455998 | E397: =(('Historical Data'!O399)-('Historical Data'!O398))/('Historical Data'!O398) -> -0.011232131 | F397: =(('Historical Data'!R399)-('Historical Data'!R398))/('Historical Data'!R398) -> 0.028723634
A398: =(('Historical Data'!C400)-('Historical Data'!C399))/('Historical Data'!C399) -> -0.00795053 | C398: =(('Historical Data'!I400)-('Historical Data'!I399))/('Historical Data'!I399) -> -0.0055865922 | D398: =(('Historical Data'!L400)-('Historical Data'!L399))/('Historical Data'!L399) -> -0.004198895 | E398: =(('Historical Data'!O400)-('Historical Data'!O399))/('Historical Data'!O399) -> 0.010671256 | F398: =(('Historical Data'!R400)-('Historical Data'!R399))/('Historical Data'!R399) -> -0.0066480056
A399: =(('Historical Data'!C401)-('Historical Data'!C400))/('Historical Data'!C400) -> 0.017586821 | C399: =(('Historical Data'!I401)-('Historical Data'!I400))/('Historical Data'!I400) -> 0.08988764 | D399: =(('Historical Data'!L401)-('Historical Data'!L400))/('Historical Data'!L400) -> 0.0075454949 | E399: =(('Historical Data'!O401)-('Historical Data'!O400))/('Historical Data'!O400) -> 0.011239782 | F399: =(('Historical Data'!R401)-('Historical Data'!R400))/('Historical Data'!R400) -> 0.020641071
A400: =(('Historical Data'!C402)-('Historical Data'!C401))/('Historical Data'!C401) -> -0.0072194268 | C400: =(('Historical Data'!I402)-('Historical Data'!I401))/('Historical Data'!I401) -> -0.020618557 | D400: =(('Historical Data'!L402)-('Historical Data'!L401))/('Historical Data'!L401) -> 0.0094713656 | E400: =(('Historical Data'!O402)-('Historical Data'!O401))/('Historical Data'!O401) -> -0.011451667 | F400: =(('Historical Data'!R402)-('Historical Data'!R401))/('Historical Data'!R401) -> -0.0015875207
A401: =(('Historical Data'!C403)-('Historical Data'!C402))/('Historical Data'!C402) -> -0.0081533715 | C401: =(('Historical Data'!I403)-('Historical Data'!I402))/('Historical Data'!I402) -> 0.084210526 | D401: =(('Historical Data'!L403)-('Historical Data'!L402))/('Historical Data'!L402) -> -0.015928431 | E401: =(('Historical Data'!O403)-('Historical Data'!O402))/('Historical Data'!O402) -> 0.010562181 | F401: =(('Historical Data'!R403)-('Historical Data'!R402))/('Historical Data'!R402) -> 0.00048392672
A402: =(('Historical Data'!C404)-('Historical Data'!C403))/('Historical Data'!C403) -> 0.00022217285 | C402: =(('Historical Data'!I404)-('Historical Data'!I403))/('Historical Data'!I403) -> -0.058252427 | D402: =(('Historical Data'!L404)-('Historical Data'!L403))/('Historical Data'!L403) -> -0.0042128603 | E402: =(('Historical Data'!O404)-('Historical Data'!O403))/('Historical Data'!O403) -> 0.016857721 | F402: =(('Historical Data'!R404)-('Historical Data'!R403))/('Historical Data'!R403) -> 0.0038004422
A403: =(('Historical Data'!C405)-('Historical Data'!C404))/('Historical Data'!C404) -> -0.002221235 | C403: =(('Historical Data'!I405)-('Historical Data'!I404))/('Historical Data'!I404) -> 0.0051546392 | D403: =(('Historical Data'!L405)-('Historical Data'!L404))/('Historical Data'!L404) -> 0.0073480294 | E403: =(('Historical Data'!O405)-('Historical Data'!O404))/('Historical Data'!O404) -> 0.013594164 | F403: =(('Historical Data'!R405)-('Historical Data'!R404))/('Historical Data'!R404) -> -0.0023404695
A404: =(('Historical Data'!C406)-('Historical Data'!C405))/('Historical Data'!C405) -> 0.024487979 | C404: =(('Historical Data'!I406)-('Historical Data'!I405))/('Historical Data'!I405) -> 0 | D404: =(('Historical Data'!L406)-('Historical Data'!L405))/('Historical Data'!L405) -> -0.0053050398 | E404: =(('Historical Data'!O406)-('Historical Data'!O405))/('Historical Data'!O405) -> 0.0075237161 | F404: =(('Historical Data'!R406)-('Historical Data'!R405))/('Historical Data'!R405) -> 0.0094528393
A405: =(('Historical Data'!C407)-('Historical Data'!C406))/('Historical Data'!C406) -> -0.0026075619 | C405: =(('Historical Data'!I407)-('Historical Data'!I406))/('Historical Data'!I406) -> 0.030769231 | D405: =(('Historical Data'!L407)-('Historical Data'!L406))/('Historical Data'!L406) -> 0.010444444 | E405: =(('Historical Data'!O407)-('Historical Data'!O406))/('Historical Data'!O406) -> 0.02012987 | F405: =(('Historical Data'!R407)-('Historical Data'!R406))/('Historical Data'!R406) -> -0.0071086808
A406: =(('Historical Data'!C408)-('Historical Data'!C407))/('Historical Data'!C407) -> 0.01546841 | C406: =(('Historical Data'!I408)-('Historical Data'!I407))/('Historical Data'!I407) -> -0.024875622 | D406: =(('Historical Data'!L408)-('Historical Data'!L407))/('Historical Data'!L407) -> 0.0030789532 | E406: =(('Historical Data'!O408)-('Historical Data'!O407))/('Historical Data'!O407) -> 0.0079567155 | F406: =(('Historical Data'!R408)-('Historical Data'!R407))/('Historical Data'!R407) -> 0.0097067328
A407: =(('Historical Data'!C409)-('Historical Data'!C408))/('Historical Data'!C408) -> -0.00042909247 | C407: =(('Historical Data'!I409)-('Historical Data'!I408))/('Historical Data'!I408) -> -0.051020408 | D407: =(('Historical Data'!L409)-('Historical Data'!L408))/('Historical Data'!L408) -> 0.0010962508 | E407: =(('Historical Data'!O409)-('Historical Data'!O408))/('Historical Data'!O408) -> -0.022418693 | F407: =(('Historical Data'!R409)-('Historical Data'!R408))/('Historical Data'!R408) -> 0.012886071
A408: =(('Historical Data'!C410)-('Historical Data'!C409))/('Historical Data'!C409) -> 0.00386349 | C408: =(('Historical Data'!I410)-('Historical Data'!I409))/('Historical Data'!I409) -> 0.02688172 | D408: =(('Historical Data'!L410)-('Historical Data'!L409))/('Historical Data'!L409) -> 0.0045992116 | E408: =(('Historical Data'!O410)-('Historical Data'!O409))/('Historical Data'!O409) -> -0.00096899225 | F408: =(('Historical Data'!R410)-('Historical Data'!R409))/('Historical Data'!R409) -> 0.0092218632
A409: =(('Historical Data'!C411)-('Historical Data'!C410))/('Historical Data'!C410) -> -0.002351935 | C409: =(('Historical Data'!I411)-('Historical Data'!I410))/('Historical Data'!I410) -> -0.0052356021 | D409: =(('Historical Data'!L411)-('Historical Data'!L410))/('Historical Data'!L410) -> -0.0030521038 | E409: =(('Historical Data'!O411)-('Historical Data'!O410))/('Historical Data'!O410) -> 0.011639185 | F409: =(('Historical Data'!R411)-('Historical Data'!R410))/('Historical Data'!R410) -> -0.0046021477
... A543: =(('Historical Data'!C545)-('Historical Data'!C544))/('Historical Data'!C544) -> -0.0016522098 | C543: =(('Historical Data'!I545)-('Historical Data'!I544))/('Historical Data'!I544) -> -0.0051546392 | D543: =(('Historical Data'!L545)-('Historical Data'!L544))/('Historical Data'!L544) -> 0.0025164537 | E543: =(('Historical Data'!O545)-('Historical Data'!O544))/('Historical Data'!O544) -> 0.0083333333 | F543: =(('Historical Data'!R545)-('Historical Data'!R544))/('Historical Data'!R544) -> 0.00072695551
A544: =(('Historical Data'!C546)-('Historical Data'!C545))/('Historical Data'!C545) -> 0.0039304923 | D544: =(('Historical Data'!L546)-('Historical Data'!L545))/('Historical Data'!L545) -> 0.01602626 | E544: =(('Historical Data'!O546)-('Historical Data'!O545))/('Historical Data'!O545) -> 0.0082644628 | F544: =(('Historical Data'!R546)-('Historical Data'!R545))/('Historical Data'!R545) -> 0.016489903
A545: =(('Historical Data'!C547)-('Historical Data'!C546))/('Historical Data'!C546) -> 0.015454358 | D545: =(('Historical Data'!L547)-('Historical Data'!L546))/('Historical Data'!L546) -> -0.012542759 | E545: =(('Historical Data'!O547)-('Historical Data'!O546))/('Historical Data'!O546) -> -0.00099354198 | F545: =(('Historical Data'!R547)-('Historical Data'!R546))/('Historical Data'!R546) -> 0.007289359
A546: =(('Historical Data'!C548)-('Historical Data'!C547))/('Historical Data'!C547) -> 0.0028409091 | D546: =(('Historical Data'!L548)-('Historical Data'!L547))/('Historical Data'!L547) -> -0.011932256 | E546: =(('Historical Data'!O548)-('Historical Data'!O547))/('Historical Data'!O547) -> 0.0049726504 | F546: =(('Historical Data'!R548)-('Historical Data'!R547))/('Historical Data'!R547) -> -0.0042568287
A547: =(('Historical Data'!C549)-('Historical Data'!C548))/('Historical Data'!C548) -> -0.010319709 | D547: =(('Historical Data'!L549)-('Historical Data'!L548))/('Historical Data'!L548) -> 0.0087650954 | E547: =(('Historical Data'!O549)-('Historical Data'!O548))/('Historical Data'!O548) -> -0.015338941 | F547: =(('Historical Data'!R549)-('Historical Data'!R548))/('Historical Data'!R548) -> -0.019878874
A548: =(('Historical Data'!C550)-('Historical Data'!C549))/('Historical Data'!C549) -> 0.0040891433 | D548: =(('Historical Data'!L550)-('Historical Data'!L549))/('Historical Data'!L549) -> -0.00038617494 | E548: =(('Historical Data'!O550)-('Historical Data'!O549))/('Historical Data'!O549) -> -0.0035175879 | F548: =(('Historical Data'!R550)-('Historical Data'!R549))/('Historical Data'!R549) -> 0.0001453911
A549: =(('Historical Data'!C551)-('Historical Data'!C550))/('Historical Data'!C550) -> -0.0061087355 | D549: =(('Historical Data'!L551)-('Historical Data'!L550))/('Historical Data'!L550) -> -0.0081128066 | E549: =(('Historical Data'!O551)-('Historical Data'!O550))/('Historical Data'!O550) -> -0.008068583 | F549: =(('Historical Data'!R551)-('Historical Data'!R550))/('Historical Data'!R550) -> -0.0073411833
A550: =(('Historical Data'!C552)-('Historical Data'!C551))/('Historical Data'!C551) -> -0.0051219012 | D550: =(('Historical Data'!L552)-('Historical Data'!L551))/('Historical Data'!L551) -> 0.0048685492 | E550: =(('Historical Data'!O552)-('Historical Data'!O551))/('Historical Data'!O551) -> -0.0083884087 | F550: =(('Historical Data'!R552)-('Historical Data'!R551))/('Historical Data'!R551) -> 0.0045397964
A551: =(('Historical Data'!C553)-('Historical Data'!C552))/('Historical Data'!C552) -> -0.0030889621 | D551: =(('Historical Data'!L553)-('Historical Data'!L552))/('Historical Data'!L552) -> -0.0027131783 | E551: =(('Historical Data'!O553)-('Historical Data'!O552))/('Historical Data'!O552) -> -0.025634453 | F551: =(('Historical Data'!R553)-('Historical Data'!R552))/('Historical Data'!R552) -> 0.006924703
A552: =(('Historical Data'!C554)-('Historical Data'!C553))/('Historical Data'!C553) -> 0.013220409 | D552: =(('Historical Data'!L554)-('Historical Data'!L553))/('Historical Data'!L553) -> -0.032646716 | E552: =(('Historical Data'!O554)-('Historical Data'!O553))/('Historical Data'!O553) -> 0.0063141279 | F552: =(('Historical Data'!R554)-('Historical Data'!R553))/('Historical Data'!R553) -> 0.012378746
A553: =(('Historical Data'!C555)-('Historical Data'!C554))/('Historical Data'!C554) -> 0.0002038736 | D553: =(('Historical Data'!L555)-('Historical Data'!L554))/('Historical Data'!L554) -> -0.051225392 | E553: =(('Historical Data'!O555)-('Historical Data'!O554))/('Historical Data'!O554) -> -0.062745098 | F553: =(('Historical Data'!R555)-('Historical Data'!R554))/('Historical Data'!R554) -> 0.014158026
A554: =(('Historical Data'!C556)-('Historical Data'!C555))/('Historical Data'!C555) -> 0.021606196 | D554: =(('Historical Data'!L556)-('Historical Data'!L555))/('Historical Data'!L555) -> 0.021384713 | E554: =(('Historical Data'!O556)-('Historical Data'!O555))/('Historical Data'!O555) -> -0.0064156206 | F554: =(('Historical Data'!R556)-('Historical Data'!R555))/('Historical Data'!R555) -> 0.0074737362
A555: =(('Historical Data'!C557)-('Historical Data'!C556))/('Historical Data'!C556) -> 0.001396648 | D555: =(('Historical Data'!L557)-('Historical Data'!L556))/('Historical Data'!L556) -> -0.046019901 | E555: =(('Historical Data'!O557)-('Historical Data'!O556))/('Historical Data'!O556) -> -0.012633352 | F555: =(('Historical Data'!R557)-('Historical Data'!R556))/('Historical Data'!R556) -> 0.00027993561
... A945: =(('Historical Data'!C947)-('Historical Data'!C946))/('Historical Data'!C946) -> 0.0061033759 | D945: =(('Historical Data'!L947)-('Historical Data'!L946))/('Historical Data'!L946) -> -0.010204082 | E945: =(('Historical Data'!O947)-('Historical Data'!O946))/('Historical Data'!O946) -> 0.012939002 | F945: =(('Historical Data'!R947)-('Historical Data'!R946))/('Historical Data'!R946) -> -0.0072889725
A946: =(('Historical Data'!C948)-('Historical Data'!C947))/('Historical Data'!C947) -> -0.004549763 | D946: =(('Historical Data'!L948)-('Historical Data'!L947))/('Historical Data'!L947) -> -0.0092783505 | E946: =(('Historical Data'!O948)-('Historical Data'!O947))/('Historical Data'!O947) -> 0.0079075426
A947: =(('Historical Data'!C949)-('Historical Data'!C948))/('Historical Data'!C948) -> 0.0041896782 | D947: =(('Historical Data'!L949)-('Historical Data'!L948))/('Historical Data'!L948) -> -0.00381547 | E947: =(('Historical Data'!O949)-('Historical Data'!O948))/('Historical Data'!O948) -> -0.033494267
A948: =(('Historical Data'!C950)-('Historical Data'!C949))/('Historical Data'!C949) -> 0.015740565 | D948: =(('Historical Data'!L950)-('Historical Data'!L949))/('Historical Data'!L949) -> 0.02367688 | E948: =(('Historical Data'!O950)-('Historical Data'!O949))/('Historical Data'!O949) -> -0.0015610365
A949: =(('Historical Data'!C951)-('Historical Data'!C950))/('Historical Data'!C950) -> -0.00037341299 | D949: =(('Historical Data'!L951)-('Historical Data'!L950))/('Historical Data'!L950) -> 0.006122449 | E949: =(('Historical Data'!O951)-('Historical Data'!O950))/('Historical Data'!O950) -> 0.011257036
A950: =(('Historical Data'!C952)-('Historical Data'!C951))/('Historical Data'!C951) -> 0.013261113 | D950: =(('Historical Data'!L952)-('Historical Data'!L951))/('Historical Data'!L951) -> -0.015212982 | E950: =(('Historical Data'!O952)-('Historical Data'!O951))/('Historical Data'!O951) -> -0.0071119357
A951: =(('Historical Data'!C953)-('Historical Data'!C952))/('Historical Data'!C952) -> 0.00036866359 | D951: =(('Historical Data'!L953)-('Historical Data'!L952))/('Historical Data'!L952) -> 0.016821147 | E951: =(('Historical Data'!O953)-('Historical Data'!O952))/('Historical Data'!O952) -> -0.0037371535
A952: =(('Historical Data'!C954)-('Historical Data'!C953))/('Historical Data'!C953) -> -0.0035010135 | D952: =(('Historical Data'!L954)-('Historical Data'!L953))/('Historical Data'!L953) -> 0.0033760972 | E952: =(('Historical Data'!O954)-('Historical Data'!O953))/('Historical Data'!O953) -> 0
A953: =(('Historical Data'!C955)-('Historical Data'!C954))/('Historical Data'!C954) -> 0.042529586 | D953: =(('Historical Data'!L955)-('Historical Data'!L954))/('Historical Data'!L954) -> 0.0084118439 | E953: =(('Historical Data'!O955)-('Historical Data'!O954))/('Historical Data'!O954) -> -0.033135355
A954: =(('Historical Data'!C956)-('Historical Data'!C955))/('Historical Data'!C955) -> 0.00035473572 | D954: =(('Historical Data'!L956)-('Historical Data'!L955))/('Historical Data'!L955) -> -0.005005005 | E954: =(('Historical Data'!O956)-('Historical Data'!O955))/('Historical Data'!O955) -> 0.012609117
A955: =(('Historical Data'!C957)-('Historical Data'!C956))/('Historical Data'!C956) -> 0.0063829787 | D955: =(('Historical Data'!L957)-('Historical Data'!L956))/('Historical Data'!L956) -> 0.0073775989 | E955: =(('Historical Data'!O957)-('Historical Data'!O956))/('Historical Data'!O956) -> 0.0003192848
A956: =(('Historical Data'!C958)-('Historical Data'!C957))/('Historical Data'!C957) -> -0.0029950669 | D956: =(('Historical Data'!L958)-('Historical Data'!L957))/('Historical Data'!L957) -> 0.018641811 | E956: =(('Historical Data'!O958)-('Historical Data'!O957))/('Historical Data'!O957) -> 0.0044685605
A957: =(('Historical Data'!C959)-('Historical Data'!C958))/('Historical Data'!C958) -> 0.00017670967 | D957: =(('Historical Data'!L959)-('Historical Data'!L958))/('Historical Data'!L958) -> 0.010784314 | E957: =(('Historical Data'!O959)-('Historical Data'!O958))/('Historical Data'!O958) -> 0.0034953924
... A1295: =(('Historical Data'!C1297)-('Historical Data'!C1296))/('Historical Data'!C1296) -> -0.00050339794 | D1295: =(('Historical Data'!L1297)-('Historical Data'!L1296))/('Historical Data'!L1296) -> 0.018004866 | E1295: =(('Historical Data'!O1297)-('Historical Data'!O1296))/('Historical Data'!O1296) -> 0.015697375

Sheet Portfolio
A1: Asset | B1: Weight | C1: Annual Expected Returns | Q1: Portfolio | R1: Expected Return | S1: Volatility (Risk) | T1: Sharpe Ratio | U1: 1 Weight | V1: 2 Weight | W1: 3 Weight | X1: 4 Weight | Y1: 5 Weight | Z1: 6 Weight
A2: Cisco | B2: 0 | C2: =Maths!K2*252 -> 0.14259623 | H2: 0.00021485421 | I2: 8.3691394e-05 | J2: 5.0080623e-05 | K2: 5.7581698e-06 | L2: 6.2818877e-05 | M2: 5.2966798e-05 | Q2: Portfolio 3014 | R2: 0.42526775 | S2: 0.016721406 | T2: 23.040393 | U2: 0.24043387 | V2: 0.09532551 | W2: 0.085601069 | X2: 0.37675842 | Y2: 0.18328026 | Z2: 0.018600867
A3: NVIDA | B3: 0 | C3: =Maths!K3*252 -> 1.4941599 | H3: 8.3691394e-05 | I3: 0.010369548 | J3: -1.7798516e-05 | K3: 0.00011331887 | L3: 9.4898474e-05 | M3: -7.1007765e-05 | Q3: Portfolio 3635 | R3: 0.36695831 | S3: 0.014201717 | T3: 23.022449 | U3: 0.16837928 | V3: 0.084973622 | W3: 0.0622308 | X3: 0.35431418 | Y3: 0.15886707 | Z3: 0.17123506
A4: RR | B4: 0 | C4: =Maths!K4*252 -> 1.426713 | H4: 5.0080623e-05 | I4: -1.7798516e-05 | J4: 0.01155409 | K4: 7.5546275e-05 | L4: 0.0001452138 | M4: 1.7000329e-05 | Q4: Portfolio 1083 | R4: 0.36506309 | S4: 0.01413352 | T4: 22.999443 | U4: 0.16243244 | V4: 0.077194196 | W4: 0.071590356 | X4: 0.33830827 | Y4: 0.15713971 | Z4: 0.19333503
A5: Lloydes | B5: 0 | C5: =Maths!K5*252 -> 0.2503262 | H5: 5.7581698e-06 | I5: 0.00011331887 | J5: 7.5546275e-05 | K5: 0.00028654107 | L5: 1.7390007e-05 | M5: 8.4212594e-06 | Q5: Portfolio 4642 | R5: 0.43081181 | S5: 0.01700166 | T5: 22.986686 | U5: 0.21165867 | V5: 0.096680261 | W5: 0.095345236 | X5: 0.37239088 | Y5: 0.11586878 | Z5: 0.10805617
A6: BP | B6: 0 | C6: =Maths!K6*252 -> 0.16821745 | H6: 6.2818877e-05 | I6: 9.4898474e-05 | J6: 0.0001452138 | K6: 1.7390007e-05 | L6: 0.00034618499 | M6: 1.2350217e-05 | Q6: Portfolio 1985 | R6: 0.42045876 | S6: 0.016586558 | T6: 22.937777 | U6: 0.064465266 | V6: 0.093760318 | W6: 0.080704383 | X6: 0.50412758 | Y6: 0.12229345 | Z6: 0.134649
A7: PG | B7: 0 | C7: =Maths!K7*252 -> 0.06879465 | H7: 5.2966798e-05 | I7: -7.1007765e-05 | J7: 1.7000329e-05 | K7: 8.4212594e-06 | L7: 1.2350217e-05 | M7: 0.0001151103 | Q7: Portfolio 9024 | R7: 0.37164148 | S7: 0.014464023 | T7: 22.928716 | U7: 0.15589671 | V7: 0.087165063 | W7: 0.070598862 | X7: 0.32782443 | Y7: 0.11789444 | Z7: 0.2406205
A8: sum weights | B8: =SUM(B2:B7) -> 0 | Q8: Portfolio 2395 | R8: 0.40927214 | S8: 0.016153038 | T8: 22.860847 | U8: 0.21288523 | V8: 0.082322393 | W8: 0.089107528 | X8: 0.35317701 | Y8: 0.22442777 | Z8: 0.03808007
Q9: Portfolio 6207 | R9: 0.42537791 | S9: 0.016880102 | T9: 22.830307 | U9: 0.15308345 | V9: 0.1020448 | W9: 0.090986229 | X9: 0.3153749 | Y9: 0.19142473 | Z9: 0.1470859
A10: Weighted Average return | C10: =SUMPRODUCT(B2:B7,C2:C7) -> 0 | Q10: Portfolio 7881 | R10: 0.33215719 | S10: 0.012809412 | T10: 22.80801 | U10: 0.25184699 | V10: 0.070578178 | W10: 0.052031383 | X10: 0.34403755 | Y10: 0.11132376 | Z10: 0.17018215
A11: Portfolio Variance | C11: {=MMULT(TRANSPOSE(B2:B7),MMULT(Maths!P2:U7,B2:B7))} -> 0 | Q11: Portfolio 8130 | R11: 0.43931542 | S11: 0.017521721 | T11: 22.789737 | U11: 0.076156591 | V11: 0.085819226 | W11: 0.095743854 | X11: 0.49523125 | Y11: 0.22795699 | Z11: 0.019092094
A12: Portfolio Volitility | C12: =SQRT(C11) -> 0 | Q12: Portfolio 2756 | R12: 0.41323689 | S12: 0.0163784 | T12: 22.788361 | U12: 0.2454876 | V12: 0.089071178 | W12: 0.094768821 | X12: 0.369207 | Y12: 0.03676086 | Z12: 0.16470454
A13: Sharpe Ratio | C13: =(C10-0.04)/C12 -> #DIV/0! | Q13: Portfolio 1891 | R13: 0.41084566 | S13: 0.016277164 | T13: 22.783186 | U13: 0.076525217 | V13: 0.096096893 | W13: 0.089761022 | X13: 0.37412817 | Y13: 0.096818429 | Z13: 0.26667027
Q14: Portfolio 8580 | R14: 0.37178137 | S14: 0.014571293 | T14: 22.769521 | U14: 0.078389564 | V14: 0.09242638 | W14: 0.054076072 | X14: 0.40741861 | Y14: 0.18174785 | Z14: 0.18594153
Q15: Portfolio 5711 | R15: 0.40930346 | S15: 0.016221505 | T15: 22.766288 | U15: 0.060087139 | V15: 0.09554525 | W15: 0.089751702 | X15: 0.35974306 | Y15: 0.12780985 | Z15: 0.267063
Q16: Portfolio 1140 | R16: 0.35033052 | S16: 0.013633077 | T16: 22.763058 | U16: 0.13156416 | V16: 0.066671235 | W16: 0.07019266 | X16: 0.41152888 | Y16: 0.068133228 | Z16: 0.25190983
Q17: Portfolio 7400 | R17: 0.3997167 | S17: 0.015803173 | T17: 22.762309 | U17: 0.22416825 | V17: 0.085973012 | W17: 0.092185026 | X17: 0.30633802 | Y17: 0.11109517 | Z17: 0.18024053
Q18: Portfolio 7542 | R18: 0.4707604 | S18: 0.018939586 | T18: 22.743919 | U18: 0.16362528 | V18: 0.11660655 | W18: 0.10594828 | X18: 0.42158229 | Y18: 0.033024903 | Z18: 0.15921269
Q19: Portfolio 8942 | R19: 0.37131686 | S19: 0.014572062 | T19: 22.736444 | U19: 0.23073606 | V19: 0.090267831 | W19: 0.058231688 | X19: 0.31176069 | Y19: 0.21283464 | Z19: 0.096169095
Q20: Portfolio 2972 | R20: 0.46290461 | S20: 0.018611994 | T20: 22.722155 | U20: 0.1293455 | V20: 0.12364781 | W20: 0.084360394 | X20: 0.38067508 | Y20: 0.24804885 | Z20: 0.033922366
Q21: Portfolio 5017 | R21: 0.46804636 | S21: 0.018845567 | T21: 22.713371 | U21: 0.15158467 | V21: 0.10793575 | W21: 0.10755753 | X21: 0.48162162 | Y21: 0.007370479 | Z21: 0.14392995
Q22: Portfolio 2399 | R22: 0.39822989 | S22: 0.015785896 | T22: 22.693035 | U22: 0.087783293 | V22: 0.077077472 | W22: 0.080064947 | X22: 0.4195316 | Y22: 0.28377061 | Z22: 0.051772083
Q23: Portfolio 9473 | R23: 0.40062277 | S23: 0.01589181 | T23: 22.692366 | U23: 0.094855498 | V23: 0.090693923 | W23: 0.073688785 | X23: 0.36413163 | Y23: 0.2956157 | Z23: 0.081014469
Q24: Portfolio 4617 | R24: 0.39637686 | S24: 0.015706296 | T24: 22.690064 | U24: 0.19365836 | V24: 0.10499123 | W24: 0.063310736 | X24: 0.31208627 | Y24: 0.21136764 | Z24: 0.11458577
Q25: Portfolio 379 | R25: 0.47575801 | S25: 0.019214071 | T25: 22.679109 | U25: 0.054021177 | V25: 0.1212253 | W25: 0.092704867 | X25: 0.54611561 | Y25: 0.051933036 | Z25: 0.13400001
... Q10001: Portfolio 7412 | R10001: 0.1684241 | S10001: 0.010477772 | T10001: 12.256814 | U10001: 0.1901007 | V10001: 0.0023088947 | W10001: 0.030053189 | X10001: 0.020699592 | Y10001: 0.37960402 | Z10001: 0.3772336

Sheet __OpenSolverCache__

Sheet __OpenSolver__
A1: =ModelSheet=Portfolio!A:W -> #NAME?
A2: =OpenSolver_AdjNum=1 -> #NAME?
A3: =OpenSolver_ChosenSolver=NeosCBC -> #NAME?
A4: =OpenSolver_FastBuild=0 -> #NAME?
A5: =OpenSolver_LinearityCheck=1 -> #NAME?
A6: =solver_adj=Portfolio!B2:B7 -> #NAME?
A7: =solver_lhs1=Portfolio!B2:B7 -> #NAME?
A8: =solver_neg=1 -> #NAME?
A9: =solver_num=1 -> #NAME?
A10: =solver_opt=Portfolio!C12 -> #NAME?
A11: =solver_rel1=2 -> #NAME?
A12: =solver_rhs1=Portfolio!E8 -> #NAME?
A13: =solver_sho=1 -> #NAME?
A14: =solver_typ=2 -> #NAME?
A15: =solver_val=0 -> #NAME?
